指标代码,指标名称,分类,统计期,值,单位,频率,提取方式,备注,原表同比,原表环比,来源链接
availability_annual,库存调整前猪肉可供量,供给,2021-12,5665.25,万吨,年度,计算值,来源还包括对应年份进口、出口指标所链接的海关联合发布表。,,,https://www.stats.gov.cn/sj/sjjd/202302/t20230202_1896581.html
availability_annual,库存调整前猪肉可供量,供给,2022-12,5714.05,万吨,年度,计算值,来源还包括对应年份进口、出口指标所链接的海关联合发布表。,,,https://www.stats.gov.cn/zt_18555/zthd/lhfw/2023/sjjd/202302/t20230219_1913352.html
availability_annual,库存调整前猪肉可供量,供给,2023-12,5946.42,万吨,年度,计算值,来源还包括对应年份进口、出口指标所链接的海关联合发布表。,,,https://www.stats.gov.cn/xxgk/jd/sjjd2020/202401/t20240118_1946723.html
availability_annual,库存调整前猪肉可供量,供给,2024-12,5810.54,万吨,年度,计算值,来源还包括对应年份进口、出口指标所链接的海关联合发布表。,,,https://www.stats.gov.cn/xxgk/jd/sjjd2020/202501/t20250117_1958344.html
availability_annual,库存调整前猪肉可供量,供给,2025-12,6031.04,万吨,年度,计算值,来源还包括对应年份进口、出口指标所链接的海关联合发布表。,,,https://www.stats.gov.cn/sj/zxfbhjd/202601/t20260119_1962332.html
beef,牛肉集贸价格,需求,2021-01,88.1,元/公斤,月度,原表,,,,https://www.nahs.org.cn/jcyj/jghq/202102/t20210226_371604.htm
beef,牛肉集贸价格,需求,2021-02,89.15,元/公斤,月度,原表,,,,https://www.nahs.org.cn/jcyj/jghq/202104/t20210422_376775.htm
beef,牛肉集贸价格,需求,2021-03,87.66,元/公斤,月度,原表,,,,https://www.nahs.org.cn/jcyj/jghq/202104/t20210422_376773.htm
beef,牛肉集贸价格,需求,2021-04,86.78,元/公斤,月度,原表,,,,https://www.nahs.org.cn/jcyj/jghq/202105/t20210521_378849.htm
beef,牛肉集贸价格,需求,2021-05,86.21,元/公斤,月度,原表,,,,https://www.nahs.org.cn/jcyj/jghq/202106/t20210630_381746.htm
beef,牛肉集贸价格,需求,2021-06,85.44,元/公斤,月度,原表,,,,https://www.nahs.org.cn/jcyj/jghq/202109/t20210901_386328.htm
beef,牛肉集贸价格,需求,2021-07,84.92,元/公斤,月度,原表,,,,https://www.nahs.org.cn/jcyj/jghq/202109/t20210902_386392.htm
beef,牛肉集贸价格,需求,2022-01,88.15,元/公斤,月度,原表,,,,https://www.nahs.org.cn/jcyj/jghq/202203/t20220307_398774.htm
beef,牛肉集贸价格,需求,2022-02,88.64,元/公斤,月度,原表,,,,https://www.nahs.org.cn/jcyj/jghq/202203/t20220307_398775.htm
beef,牛肉集贸价格,需求,2023-03,87.02,元/公斤,月度,原表同期值,来自原表“去年同期”栏，不是反推或插值,,,https://www.nahs.org.cn/jcyj/scxs/202405/t20240509_440895.htm
beef,牛肉集贸价格,需求,2023-04,86.45,元/公斤,月度,原表同期值,来自原表“去年同期”栏，不是反推或插值,,,https://www.nahs.org.cn/jcyj/scxs/202405/t20240520_441295.htm
beef,牛肉集贸价格,需求,2023-05,85.77,元/公斤,月度,原表同期值,来自原表“去年同期”栏，不是反推或插值,,,https://www.nahs.org.cn/jcyj/scxs/202406/t20240624_443125.htm
beef,牛肉集贸价格,需求,2023-06,83.75,元/公斤,月度,原表同期值,来自原表“去年同期”栏，不是反推或插值,,,https://www.nahs.org.cn/jcyj/scxs/202407/t20240719_444687.htm
beef,牛肉集贸价格,需求,2023-07,81.42,元/公斤,月度,原表同期值,来自原表“去年同期”栏，不是反推或插值,,,https://www.nahs.org.cn/jcyj/scxs/202408/t20240822_445999.htm
beef,牛肉集贸价格,需求,2023-08,81.88,元/公斤,月度,原表同期值,来自原表“去年同期”栏，不是反推或插值,,,https://www.nahs.org.cn/jcyj/scxs/202409/t20240923_447237.htm
beef,牛肉集贸价格,需求,2023-09,82.72,元/公斤,月度,原表同期值,来自原表“去年同期”栏，不是反推或插值,,,https://www.nahs.org.cn/jcyj/scxs/202410/t20241011_447899.htm
beef,牛肉集贸价格,需求,2023-12,81.41,元/公斤,月度,原表同期值,来自原表“去年同期”栏，不是反推或插值,,,https://www.nahs.org.cn/jcyj/scxs/202501/t20250113_452086.htm
beef,牛肉集贸价格,需求,2024-01,80.41,元/公斤,月度,原表同期值,来自原表“去年同期”栏，不是反推或插值,,,https://www.nahs.org.cn/jcyj/scxs/202502/t20250217_453025.htm
beef,牛肉集贸价格,需求,2024-02,79.66,元/公斤,月度,原表上月值,来自原表“上月”栏,,,https://www.nahs.org.cn/jcyj/scxs/202405/t20240509_440895.htm
beef,牛肉集贸价格,需求,2024-03,78.01,元/公斤,月度,原表,,,,https://www.nahs.org.cn/jcyj/scxs/202405/t20240509_440895.htm
beef,牛肉集贸价格,需求,2024-04,76.04,元/公斤,月度,原表,,,,https://www.nahs.org.cn/jcyj/scxs/202405/t20240520_441295.htm
beef,牛肉集贸价格,需求,2024-05,72.58,元/公斤,月度,原表,,,,https://www.nahs.org.cn/jcyj/scxs/202406/t20240624_443125.htm
beef,牛肉集贸价格,需求,2024-06,69.8,元/公斤,月度,原表,,,,https://www.nahs.org.cn/jcyj/scxs/202407/t20240719_444687.htm
beef,牛肉集贸价格,需求,2024-07,68.71,元/公斤,月度,原表,,,,https://www.nahs.org.cn/jcyj/scxs/202408/t20240822_445999.htm
beef,牛肉集贸价格,需求,2024-08,68.39,元/公斤,月度,原表,,,,https://www.nahs.org.cn/jcyj/scxs/202409/t20240923_447237.htm
beef,牛肉集贸价格,需求,2024-09,68.22,元/公斤,月度,原表,,,,https://www.nahs.org.cn/jcyj/scxs/202410/t20241011_447899.htm
beef,牛肉集贸价格,需求,2024-10,67.54,元/公斤,月度,原表同期值,来自原表“去年同期”栏，不是反推或插值,,,https://www.nahs.org.cn/jcyj/scxs/202511/t20251118_467768.htm
beef,牛肉集贸价格,需求,2024-11,66.92,元/公斤,月度,原表上月值,来自原表“上月”栏,,,https://www.nahs.org.cn/jcyj/scxs/202501/t20250113_452086.htm
beef,牛肉集贸价格,需求,2024-12,66.37,元/公斤,月度,原表,,,,https://www.nahs.org.cn/jcyj/scxs/202501/t20250113_452086.htm
beef,牛肉集贸价格,需求,2025-01,65.7,元/公斤,月度,原表,,,,https://www.nahs.org.cn/jcyj/scxs/202502/t20250217_453025.htm
beef,牛肉集贸价格,需求,2025-02,65.3,元/公斤,月度,原表,,,,https://www.nahs.org.cn/jcyj/scxs/202503/t20250325_454805.htm
beef,牛肉集贸价格,需求,2025-03,65.63,元/公斤,月度,原表,,,,https://www.nahs.org.cn/jcyj/scxs/202504/t20250424_456191.htm
beef,牛肉集贸价格,需求,2025-04,68.45,元/公斤,月度,原表,,,,https://www.nahs.org.cn/jcyj/scxs/202505/t20250514_456937.htm
beef,牛肉集贸价格,需求,2025-05,69.83,元/公斤,月度,原表,,,,https://www.nahs.org.cn/jcyj/scxs/202506/t20250616_460894.htm
beef,牛肉集贸价格,需求,2025-06,69.82,元/公斤,月度,原表,,,,https://www.nahs.org.cn/jcyj/scxs/202508/t20250804_463227.htm
beef,牛肉集贸价格,需求,2025-07,69.77,元/公斤,月度,原表,,,,https://www.nahs.org.cn/jcyj/scxs/202508/t20250818_463512.htm
beef,牛肉集贸价格,需求,2025-08,70.13,元/公斤,月度,原表,,,,https://www.nahs.org.cn/jcyj/scxs/202509/t20250923_464888.htm
beef,牛肉集贸价格,需求,2025-09,70.9,元/公斤,月度,原表,,,,https://www.nahs.org.cn/jcyj/scxs/202510/t20251015_465668.htm
beef,牛肉集贸价格,需求,2025-10,71.31,元/公斤,月度,原表,,,,https://www.nahs.org.cn/jcyj/scxs/202511/t20251118_467768.htm
beef,牛肉集贸价格,需求,2025-11,71.38,元/公斤,月度,原表,,,,https://www.nahs.org.cn/jcyj/scxs/202512/t20251217_468664.htm
beef,牛肉集贸价格,需求,2025-12,71.32,元/公斤,月度,原表,,,,https://www.nahs.org.cn/jcyj/scxs/202601/t20260115_469255.htm
beef,牛肉集贸价格,需求,2026-01,71.64,元/公斤,月度,原表,,,,https://www.nahs.org.cn/jcyj/scxs/202603/t20260324_470301.htm
beef,牛肉集贸价格,需求,2026-02,72.61,元/公斤,月度,原表,,,,https://www.nahs.org.cn/jcyj/scxs/202603/t20260324_470302.htm
beef,牛肉集贸价格,需求,2026-03,72.14,元/公斤,月度,原表,,,,https://www.nahs.org.cn/jcyj/scxs/202604/t20260410_471339.htm
beef,牛肉集贸价格,需求,2026-04,72.46,元/公斤,月度,原表,,,,https://www.nahs.org.cn/jcyj/scxs/202605/t20260519_472251.htm
beef,牛肉集贸价格,需求,2026-05,73.24,元/公斤,月度,原表,,,,https://www.nahs.org.cn/jcyj/scxs/202606/t20260617_472822.htm
beef,牛肉集贸价格,需求,2026-06,73.46,元/公斤,月度,原表,,,,https://www.nahs.org.cn/jcyj/scxs/202607/t20260708_473285.htm
beef,牛肉集贸价格,需求,2026-07,73.71,元/公斤,月度,原表,,,,https://www.nahs.org.cn/jcyj/scxs/202608/t20260814_473946.htm
beef,牛肉集贸价格,需求,2026-08,74.32,元/公斤,月度,原表,,,,https://www.nahs.org.cn/jcyj/scxs/202609/t20260909_474345.htm
beef_annual,全年牛肉产量,需求,2021-12,698.0,万吨,年度,原表,年度值；历年原始发布版本可能存在后续修订。,,,https://www.stats.gov.cn/sj/sjjd/202302/t20230202_1896581.html
beef_annual,全年牛肉产量,需求,2022-12,718.0,万吨,年度,原表,年度值；历年原始发布版本可能存在后续修订。,,,https://www.stats.gov.cn/zt_18555/zthd/lhfw/2023/sjjd/202302/t20230219_1913352.html
beef_annual,全年牛肉产量,需求,2023-12,753.0,万吨,年度,原表,年度值；历年原始发布版本可能存在后续修订。,,,https://www.stats.gov.cn/xxgk/jd/sjjd2020/202401/t20240118_1946723.html
beef_annual,全年牛肉产量,需求,2024-12,779.0,万吨,年度,原表,年度值；历年原始发布版本可能存在后续修订。,,,https://www.stats.gov.cn/xxgk/jd/sjjd2020/202501/t20250117_1958344.html
beef_annual,全年牛肉产量,需求,2025-12,801.0,万吨,年度,原表,年度值；历年原始发布版本可能存在后续修订。,,,https://www.stats.gov.cn/sj/zxfbhjd/202601/t20260119_1962332.html
carcass_proxy,平均每头猪肉产出 · 推算,供给,2021-12,78.89,公斤/头,年度,计算值,产量÷出栏×1000；不是活重。,,,https://www.stats.gov.cn/sj/sjjd/202302/t20230202_1896581.html
carcass_proxy,平均每头猪肉产出 · 推算,供给,2022-12,79.16,公斤/头,年度,计算值,产量÷出栏×1000；不是活重。,,,https://www.stats.gov.cn/zt_18555/zthd/lhfw/2023/sjjd/202302/t20230219_1913352.html
carcass_proxy,平均每头猪肉产出 · 推算,供给,2023-12,79.74,公斤/头,年度,计算值,产量÷出栏×1000；不是活重。,,,https://www.stats.gov.cn/xxgk/jd/sjjd2020/202401/t20240118_1946723.html
carcass_proxy,平均每头猪肉产出 · 推算,供给,2024-12,81.22,公斤/头,年度,计算值,产量÷出栏×1000；不是活重。,,,https://www.stats.gov.cn/xxgk/jd/sjjd2020/202501/t20250117_1958344.html
carcass_proxy,平均每头猪肉产出 · 推算,供给,2025-12,82.5,公斤/头,年度,计算值,产量÷出栏×1000；不是活重。,,,https://www.stats.gov.cn/sj/zxfbhjd/202601/t20260119_1962332.html
chicken,鸡肉集贸价格,需求,2022-01,22.58,元/公斤,月度,原表,,,,https://www.nahs.org.cn/jcyj/jghq/202203/t20220307_398774.htm
chicken,鸡肉集贸价格,需求,2022-02,22.98,元/公斤,月度,原表,,,,https://www.nahs.org.cn/jcyj/jghq/202203/t20220307_398775.htm
chicken,鸡肉集贸价格,需求,2023-03,24.36,元/公斤,月度,原表同期值,来自原表“去年同期”栏，不是反推或插值,,,https://www.nahs.org.cn/jcyj/scxs/202405/t20240509_440895.htm
chicken,鸡肉集贸价格,需求,2023-04,24.16,元/公斤,月度,原表同期值,来自原表“去年同期”栏，不是反推或插值,,,https://www.nahs.org.cn/jcyj/scxs/202405/t20240520_441295.htm
chicken,鸡肉集贸价格,需求,2023-05,23.97,元/公斤,月度,原表同期值,来自原表“去年同期”栏，不是反推或插值,,,https://www.nahs.org.cn/jcyj/scxs/202406/t20240624_443125.htm
chicken,鸡肉集贸价格,需求,2023-06,23.76,元/公斤,月度,原表同期值,来自原表“去年同期”栏，不是反推或插值,,,https://www.nahs.org.cn/jcyj/scxs/202407/t20240719_444687.htm
chicken,鸡肉集贸价格,需求,2023-07,23.57,元/公斤,月度,原表同期值,来自原表“去年同期”栏，不是反推或插值,,,https://www.nahs.org.cn/jcyj/scxs/202408/t20240822_445999.htm
chicken,鸡肉集贸价格,需求,2023-08,24.01,元/公斤,月度,原表同期值,来自原表“去年同期”栏，不是反推或插值,,,https://www.nahs.org.cn/jcyj/scxs/202409/t20240923_447237.htm
chicken,鸡肉集贸价格,需求,2023-09,24.26,元/公斤,月度,原表同期值,来自原表“去年同期”栏，不是反推或插值,,,https://www.nahs.org.cn/jcyj/scxs/202410/t20241011_447899.htm
chicken,鸡肉集贸价格,需求,2023-12,23.9,元/公斤,月度,原表同期值,来自原表“去年同期”栏，不是反推或插值,,,https://www.nahs.org.cn/jcyj/scxs/202501/t20250113_452086.htm
chicken,鸡肉集贸价格,需求,2024-01,23.81,元/公斤,月度,原表同期值,来自原表“去年同期”栏，不是反推或插值,,,https://www.nahs.org.cn/jcyj/scxs/202502/t20250217_453025.htm
chicken,鸡肉集贸价格,需求,2024-02,24.11,元/公斤,月度,原表上月值,来自原表“上月”栏,,,https://www.nahs.org.cn/jcyj/scxs/202405/t20240509_440895.htm
chicken,鸡肉集贸价格,需求,2024-03,23.7,元/公斤,月度,原表,,,,https://www.nahs.org.cn/jcyj/scxs/202405/t20240509_440895.htm
chicken,鸡肉集贸价格,需求,2024-04,23.47,元/公斤,月度,原表,,,,https://www.nahs.org.cn/jcyj/scxs/202405/t20240520_441295.htm
chicken,鸡肉集贸价格,需求,2024-05,23.34,元/公斤,月度,原表,,,,https://www.nahs.org.cn/jcyj/scxs/202406/t20240624_443125.htm
chicken,鸡肉集贸价格,需求,2024-06,23.51,元/公斤,月度,原表,,,,https://www.nahs.org.cn/jcyj/scxs/202407/t20240719_444687.htm
chicken,鸡肉集贸价格,需求,2024-07,23.6,元/公斤,月度,原表,,,,https://www.nahs.org.cn/jcyj/scxs/202408/t20240822_445999.htm
chicken,鸡肉集贸价格,需求,2024-08,23.82,元/公斤,月度,原表,,,,https://www.nahs.org.cn/jcyj/scxs/202409/t20240923_447237.htm
chicken,鸡肉集贸价格,需求,2024-09,23.87,元/公斤,月度,原表,,,,https://www.nahs.org.cn/jcyj/scxs/202410/t20241011_447899.htm
chicken,鸡肉集贸价格,需求,2024-10,23.69,元/公斤,月度,原表同期值,来自原表“去年同期”栏，不是反推或插值,,,https://www.nahs.org.cn/jcyj/scxs/202511/t20251118_467768.htm
chicken,鸡肉集贸价格,需求,2024-11,23.57,元/公斤,月度,原表上月值,来自原表“上月”栏,,,https://www.nahs.org.cn/jcyj/scxs/202501/t20250113_452086.htm
chicken,鸡肉集贸价格,需求,2024-12,23.48,元/公斤,月度,原表,,,,https://www.nahs.org.cn/jcyj/scxs/202501/t20250113_452086.htm
chicken,鸡肉集贸价格,需求,2025-01,23.64,元/公斤,月度,原表,,,,https://www.nahs.org.cn/jcyj/scxs/202502/t20250217_453025.htm
chicken,鸡肉集贸价格,需求,2025-02,23.47,元/公斤,月度,原表,,,,https://www.nahs.org.cn/jcyj/scxs/202503/t20250325_454805.htm
chicken,鸡肉集贸价格,需求,2025-03,23.08,元/公斤,月度,原表,,,,https://www.nahs.org.cn/jcyj/scxs/202504/t20250424_456191.htm
chicken,鸡肉集贸价格,需求,2025-04,22.92,元/公斤,月度,原表,,,,https://www.nahs.org.cn/jcyj/scxs/202505/t20250514_456937.htm
chicken,鸡肉集贸价格,需求,2025-05,22.83,元/公斤,月度,原表,,,,https://www.nahs.org.cn/jcyj/scxs/202506/t20250616_460894.htm
chicken,鸡肉集贸价格,需求,2025-06,22.64,元/公斤,月度,原表,,,,https://www.nahs.org.cn/jcyj/scxs/202508/t20250804_463227.htm
chicken,鸡肉集贸价格,需求,2025-07,22.41,元/公斤,月度,原表,,,,https://www.nahs.org.cn/jcyj/scxs/202508/t20250818_463512.htm
chicken,鸡肉集贸价格,需求,2025-08,22.41,元/公斤,月度,原表,,,,https://www.nahs.org.cn/jcyj/scxs/202509/t20250923_464888.htm
chicken,鸡肉集贸价格,需求,2025-09,22.55,元/公斤,月度,原表,,,,https://www.nahs.org.cn/jcyj/scxs/202510/t20251015_465668.htm
chicken,鸡肉集贸价格,需求,2025-10,22.43,元/公斤,月度,原表,,,,https://www.nahs.org.cn/jcyj/scxs/202511/t20251118_467768.htm
chicken,鸡肉集贸价格,需求,2025-11,22.34,元/公斤,月度,原表,,,,https://www.nahs.org.cn/jcyj/scxs/202512/t20251217_468664.htm
chicken,鸡肉集贸价格,需求,2025-12,22.28,元/公斤,月度,原表,,,,https://www.nahs.org.cn/jcyj/scxs/202601/t20260115_469255.htm
chicken,鸡肉集贸价格,需求,2026-01,22.41,元/公斤,月度,原表,,,,https://www.nahs.org.cn/jcyj/scxs/202603/t20260324_470301.htm
chicken,鸡肉集贸价格,需求,2026-02,22.83,元/公斤,月度,原表,,,,https://www.nahs.org.cn/jcyj/scxs/202603/t20260324_470302.htm
chicken,鸡肉集贸价格,需求,2026-03,22.47,元/公斤,月度,原表,,,,https://www.nahs.org.cn/jcyj/scxs/202604/t20260410_471339.htm
chicken,鸡肉集贸价格,需求,2026-04,22.09,元/公斤,月度,原表,,,,https://www.nahs.org.cn/jcyj/scxs/202605/t20260519_472251.htm
chicken,鸡肉集贸价格,需求,2026-05,22.15,元/公斤,月度,原表,,,,https://www.nahs.org.cn/jcyj/scxs/202606/t20260617_472822.htm
chicken,鸡肉集贸价格,需求,2026-06,22.23,元/公斤,月度,原表,,,,https://www.nahs.org.cn/jcyj/scxs/202607/t20260708_473285.htm
chicken,鸡肉集贸价格,需求,2026-07,22.31,元/公斤,月度,原表,,,,https://www.nahs.org.cn/jcyj/scxs/202608/t20260814_473946.htm
chicken,鸡肉集贸价格,需求,2026-08,22.42,元/公斤,月度,原表,,,,https://www.nahs.org.cn/jcyj/scxs/202609/t20260909_474345.htm
city_white,白条猪批发价 · 36城,价格,2021-08,20.22,元/公斤,月度,官方表转载,2021年8月份36个大中城市批发市场白条猪价格（元/公斤）,-58.1%,-3.3%,https://www.cpcti.com/hangqing/110033.html
city_white,白条猪批发价 · 36城,价格,2021-12,23.49,元/公斤,月度,原表,2021年12月份36个大中城市批发市场白条猪价格（元/公斤）,-45.3%,0.3%,https://www.moa.gov.cn/ztzl/szcpxx/jdsj/2021/202112/
city_white,白条猪批发价 · 36城,价格,2022-01,21.44,元/公斤,月度,原表,2022年1月份36个大中城市批发市场白条猪价格（元/公斤）,-53.8%,-8.7%,https://www.moa.gov.cn/ztzl/szcpxx/jdsj/2022/202201/
city_white,白条猪批发价 · 36城,价格,2022-02,19.62,元/公斤,月度,原表,2022年2月份36个大中城市批发市场白条猪价格（元/公斤）,-54.0%,-8.5%,https://www.moa.gov.cn/ztzl/szcpxx/jdsj/2022/202202/
city_white,白条猪批发价 · 36城,价格,2022-03,17.77,元/公斤,月度,原表,2022年3月份36个大中城市批发市场白条猪价格（元/公斤）,-52.2%,-9.4%,https://www.moa.gov.cn/ztzl/szcpxx/jdsj/2022/202203/
city_white,白条猪批发价 · 36城,价格,2022-04,18.49,元/公斤,月度,原表,2022年4月份36个大中城市批发市场白条猪价格（元/公斤）,-41.4%,4.1%,https://www.moa.gov.cn/ztzl/szcpxx/jdsj/2022/202204/
city_white,白条猪批发价 · 36城,价格,2022-05,20.78,元/公斤,月度,原表,2022年5月份36个大中城市批发市场白条猪价格（元/公斤）,-21.7%,12.4%,https://www.moa.gov.cn/ztzl/szcpxx/jdsj/2022/202205/
city_white,白条猪批发价 · 36城,价格,2022-06,21.63,元/公斤,月度,原表,2022年6月份36个大中城市批发市场白条猪价格（元/公斤）,-0.1%,4.1%,https://www.moa.gov.cn/ztzl/szcpxx/jdsj/2022/202206/
city_white,白条猪批发价 · 36城,价格,2022-07,28.09,元/公斤,月度,原表,2022年7月份36个大中城市批发市场白条猪价格（元/公斤）,34.4%,29.9%,https://www.moa.gov.cn/ztzl/szcpxx/jdsj/2022/202207/
city_white,白条猪批发价 · 36城,价格,2022-09,30.66,元/公斤,月度,原表,2022年9月份36个大中城市批发市场白条猪价格（元/公斤）,64.2%,7.0%,https://www.moa.gov.cn/ztzl/szcpxx/jdsj/2022/202209/
city_white,白条猪批发价 · 36城,价格,2022-10,34.45,元/公斤,月度,原表,2022年10月份36个大中城市批发市场白条猪价格（元/公斤）,86.3%,12.4%,https://www.moa.gov.cn/ztzl/szcpxx/jdsj/2022/202210/
city_white,白条猪批发价 · 36城,价格,2022-11,33.53,元/公斤,月度,原表,2022年11月份36个大中城市批发市场白条猪价格（元/公斤）,43.1%,-2.7%,https://www.moa.gov.cn/ztzl/szcpxx/jdsj/2022/202211/
city_white,白条猪批发价 · 36城,价格,2022-12,28.81,元/公斤,月度,原表,2022年12月份36个大中城市批发市场白条猪价格（元/公斤）,22.6%,-14.1%,https://www.moa.gov.cn/ztzl/szcpxx/jdsj/2022/202212/
city_white,白条猪批发价 · 36城,价格,2023-01,23.22,元/公斤,月度,原表,2023年1月份36个大中城市批发市场白条猪价格（元/公斤）,8.3%,-19.4%,https://www.moa.gov.cn/ztzl/szcpxx/jdsj/2023/202301/
city_white,白条猪批发价 · 36城,价格,2023-02,20.91,元/公斤,月度,原表,2023年2月份36个大中城市批发市场白条猪价格（元/公斤）,6.6%,-9.9%,https://www.moa.gov.cn/ztzl/szcpxx/jdsj/2023/202302/
city_white,白条猪批发价 · 36城,价格,2023-03,20.67,元/公斤,月度,原表,2023年3月份36个大中城市批发市场白条猪价格（元/公斤）,16.3%,-1.1%,https://www.moa.gov.cn/ztzl/szcpxx/jdsj/2023/202303/
city_white,白条猪批发价 · 36城,价格,2023-04,19.67,元/公斤,月度,官方表转载,2023年4月份36个大中城市批发市场白条猪价格（元/公斤）,6.4%,-4.8%,https://m.boyar.cn/article/1170068.html
city_white,白条猪批发价 · 36城,价格,2023-05,19.54,元/公斤,月度,官方表转载,2023年5月份36个大中城市批发市场白条猪价格（元/公斤）,-6.0%,-0.7%,https://m.boyar.cn/article/1172606.html
city_white,白条猪批发价 · 36城,价格,2023-06,19.31,元/公斤,月度,原表,2023年6月份36个大中城市批发市场白条猪价格（元/公斤）,-10.7%,-1.2%,https://www.moa.gov.cn/ztzl/szcpxx/jdsj/2023/202306/
city_white,白条猪批发价 · 36城,价格,2023-07,19.4,元/公斤,月度,官方表转载,2023年7月份36个大中城市批发市场白条猪价格（元/公斤）,-30.9%,0.5%,https://m.boyar.cn/article/1177887.html
city_white,白条猪批发价 · 36城,价格,2023-08,22.37,元/公斤,月度,原表,2023年8月份36个大中城市批发市场白条猪价格（元/公斤）,-21.9%,15.3%,https://www.moa.gov.cn/ztzl/szcpxx/jdsj/2023/202308/
city_white,白条猪批发价 · 36城,价格,2023-09,22.24,元/公斤,月度,原表,2023年9月份36个大中城市批发市场白条猪价格（元/公斤）,-27.5%,-0.6%,https://www.moa.gov.cn/ztzl/szcpxx/jdsj/2023/202309/
city_white,白条猪批发价 · 36城,价格,2023-12,20.13,元/公斤,月度,原表,2023年12月份36个大中城市批发市场白条猪价格（元/公斤）,-30.1%,-1.5%,https://www.moa.gov.cn/ztzl/szcpxx/jdsj/2023/202312/
city_white,白条猪批发价 · 36城,价格,2024-01,19.67,元/公斤,月度,原表,2024年1月份36个大中城市批发市场白条猪价格（元/公斤）,-15.3%,-2.3%,https://www.moa.gov.cn/ztzl/szcpxx/jdsj/2024/202401/
city_white,白条猪批发价 · 36城,价格,2024-03,19.71,元/公斤,月度,原表,2024年3月份36个大中城市批发市场白条猪价格（元/公斤）,-4.6%,-6.4%,https://www.moa.gov.cn/ztzl/szcpxx/jdsj/2024/202403/
city_white,白条猪批发价 · 36城,价格,2024-04,20.01,元/公斤,月度,原表,2024年4月份36个大中城市批发市场白条猪价格（元/公斤）,1.7%,1.5%,https://www.moa.gov.cn/ztzl/szcpxx/jdsj/2024/202404/
city_white,白条猪批发价 · 36城,价格,2024-06,23.54,元/公斤,月度,原表,2024年6月份36个大中城市批发市场白条猪价格（元/公斤）,21.9%,15.1%,https://www.moa.gov.cn/ztzl/szcpxx/jdsj/2024/202406/
city_white,白条猪批发价 · 36城,价格,2024-07,24.23,元/公斤,月度,原表,2024年7月份36个大中城市批发市场白条猪价格（元/公斤）,24.9%,2.9%,https://www.moa.gov.cn/ztzl/szcpxx/jdsj/2024/202407/
city_white,白条猪批发价 · 36城,价格,2024-08,26.12,元/公斤,月度,官方表转载,2024年8月份36个大中城市批发市场白条猪价格（元/公斤）,16.8%,7.8%,https://www.boyar.cn/article/1210747.html
city_white,白条猪批发价 · 36城,价格,2024-09,25.68,元/公斤,月度,原表,2024年9月份36个大中城市批发市场白条猪价格（元/公斤）,15.5%,-1.7%,https://www.moa.gov.cn/ztzl/szcpxx/jdsj/2024/202409/
city_white,白条猪批发价 · 36城,价格,2024-10,24.37,元/公斤,月度,原表,2024年10月份36个大中城市批发市场白条猪价格（元/公斤）,14.6%,-5.1%,https://www.moa.gov.cn/ztzl/szcpxx/jdsj/2024/202410/
city_white,白条猪批发价 · 36城,价格,2024-11,23.4,元/公斤,月度,官方表转载,2024年11月份36个大中城市批发市场白条猪价格（元/公斤）,14.5%,-4.0%,https://www.boyar.cn/article/1217874.html
city_white,白条猪批发价 · 36城,价格,2024-12,22.55,元/公斤,月度,原表,2024年12月份36个大中城市批发市场白条猪价格（元/公斤）,12.0%,-3.6%,https://www.moa.gov.cn/ztzl/szcpxx/jdsj/2024/202412/
city_white,白条猪批发价 · 36城,价格,2025-01,22.56,元/公斤,月度,原表,2025年1月份36个大中城市批发市场白条猪价格（元/公斤）,14.7%,0.0%,https://www.moa.gov.cn/ztzl/szcpxx/jdsj/2025/202501/
city_white,白条猪批发价 · 36城,价格,2025-02,21.65,元/公斤,月度,原表,2025年2月份36个大中城市批发市场白条猪价格（元/公斤）,2.8%,-4.0%,https://www.moa.gov.cn/ztzl/szcpxx/jdsj/2025/202502/
city_white,白条猪批发价 · 36城,价格,2025-03,20.92,元/公斤,月度,原表,2025年3月份36个大中城市批发市场白条猪价格（元/公斤）,6.1%,-3.4%,https://www.moa.gov.cn/ztzl/szcpxx/jdsj/2025/202503/
city_white,白条猪批发价 · 36城,价格,2025-04,20.83,元/公斤,月度,原表,2025年4月份36个大中城市批发市场白条猪价格（元/公斤）,4.1%,-0.4%,https://www.moa.gov.cn/ztzl/szcpxx/jdsj/2025/202504/
city_white,白条猪批发价 · 36城,价格,2025-05,20.71,元/公斤,月度,原表,2025年5月份36个大中城市批发市场白条猪价格（元/公斤）,1.2%,-0.6%,https://www.moa.gov.cn/ztzl/szcpxx/jdsj/2025/202505/
city_white,白条猪批发价 · 36城,价格,2025-06,20.38,元/公斤,月度,原表,2025年6月份36个大中城市批发市场白条猪价格（元/公斤）,-13.4%,-1.6%,https://www.moa.gov.cn/ztzl/szcpxx/jdsj/2025/202506/
city_white,白条猪批发价 · 36城,价格,2025-08,20.19,元/公斤,月度,官方表转载,2025年8月份36个大中城市批发市场白条猪价格（元/公斤）,-22.7%,-2.3%,https://z.nxin.com/Home/InfoDetail/1480689
city_white,白条猪批发价 · 36城,价格,2025-09,19.86,元/公斤,月度,官方表转载,2025年9月份36个大中城市批发市场白条猪价格（元/公斤）,-22.7%,-1.6%,https://m.boyar.cn/article/1241943.html
city_white,白条猪批发价 · 36城,价格,2025-10,18.82,元/公斤,月度,官方表转载,2025年10月份36个大中城市批发市场白条猪价格（元/公斤）,-22.8%,-5.2%,https://www.boyar.cn/article/1244270.html
city_white,白条猪批发价 · 36城,价格,2025-12,18.04,元/公斤,月度,官方表转载,2025年12月份36个大中城市批发市场白条猪价格（元/公斤）,-20.0%,-1.8%,https://www.boyar.cn/article/1248731.html
city_white,白条猪批发价 · 36城,价格,2026-08,17.21,元/公斤,月度,原表,2026年8月份36个大中城市批发市场白条猪价格（元/公斤）,-14.8%,3.1%,https://www.moa.gov.cn/ztzl/szcpxx/jdsj/2026/202608/
consumption_annual,家庭人均猪肉消费量,需求,2021-12,25.2,公斤/人/年,年度,原表,,,,https://www.moa.gov.cn/ztzl/szcpxx/jdsj/2021/202112/
consumption_annual,家庭人均猪肉消费量,需求,2022-12,26.9,公斤/人/年,年度,原表,,,,https://www.moa.gov.cn/ztzl/szcpxx/jdsj/2022/202212/
consumption_annual,家庭人均猪肉消费量,需求,2023-12,30.5,公斤/人/年,年度,原表,,,,https://www.moa.gov.cn/ztzl/szcpxx/jdsj/2023/202312/
consumption_annual,家庭人均猪肉消费量,需求,2024-12,28.1,公斤/人/年,年度,原表,,,,https://www.moa.gov.cn/ztzl/szcpxx/jdsj/2024/202412/
consumption_annual,家庭人均猪肉消费量,需求,2025-12,26.6,公斤/人/年,年度,官方表转载,,,,https://www.boyar.cn/article/1248731.html
corn,玉米集贸价格,成本,2021-01,2.82,元/公斤,月度,原表,,,,https://www.nahs.org.cn/jcyj/jghq/202102/t20210226_371604.htm
corn,玉米集贸价格,成本,2021-02,2.95,元/公斤,月度,原表,,,,https://www.nahs.org.cn/jcyj/jghq/202104/t20210422_376775.htm
corn,玉米集贸价格,成本,2021-03,2.99,元/公斤,月度,原表,,,,https://www.nahs.org.cn/jcyj/jghq/202104/t20210422_376773.htm
corn,玉米集贸价格,成本,2021-04,2.95,元/公斤,月度,原表,,,,https://www.nahs.org.cn/jcyj/jghq/202105/t20210521_378849.htm
corn,玉米集贸价格,成本,2021-05,2.98,元/公斤,月度,原表,,,,https://www.nahs.org.cn/jcyj/jghq/202106/t20210630_381746.htm
corn,玉米集贸价格,成本,2021-06,3.01,元/公斤,月度,原表,,,,https://www.nahs.org.cn/jcyj/jghq/202109/t20210901_386328.htm
corn,玉米集贸价格,成本,2021-07,2.98,元/公斤,月度,原表,,,,https://www.nahs.org.cn/jcyj/jghq/202109/t20210902_386392.htm
corn,玉米集贸价格,成本,2022-01,2.87,元/公斤,月度,原表,,,,https://www.nahs.org.cn/jcyj/jghq/202203/t20220307_398774.htm
corn,玉米集贸价格,成本,2022-02,2.87,元/公斤,月度,原表,,,,https://www.nahs.org.cn/jcyj/jghq/202203/t20220307_398775.htm
corn,玉米集贸价格,成本,2023-03,2.99,元/公斤,月度,原表同期值,来自原表“去年同期”栏，不是反推或插值,,,https://www.nahs.org.cn/jcyj/scxs/202405/t20240509_440895.htm
corn,玉米集贸价格,成本,2023-04,2.94,元/公斤,月度,原表同期值,来自原表“去年同期”栏，不是反推或插值,,,https://www.nahs.org.cn/jcyj/scxs/202405/t20240520_441295.htm
corn,玉米集贸价格,成本,2023-05,2.93,元/公斤,月度,原表同期值,来自原表“去年同期”栏，不是反推或插值,,,https://www.nahs.org.cn/jcyj/scxs/202406/t20240624_443125.htm
corn,玉米集贸价格,成本,2023-06,2.92,元/公斤,月度,原表同期值,来自原表“去年同期”栏，不是反推或插值,,,https://www.nahs.org.cn/jcyj/scxs/202407/t20240719_444687.htm
corn,玉米集贸价格,成本,2023-07,2.98,元/公斤,月度,原表同期值,来自原表“去年同期”栏，不是反推或插值,,,https://www.nahs.org.cn/jcyj/scxs/202408/t20240822_445999.htm
corn,玉米集贸价格,成本,2023-08,3.03,元/公斤,月度,原表同期值,来自原表“去年同期”栏，不是反推或插值,,,https://www.nahs.org.cn/jcyj/scxs/202409/t20240923_447237.htm
corn,玉米集贸价格,成本,2023-09,3.06,元/公斤,月度,原表同期值,来自原表“去年同期”栏，不是反推或插值,,,https://www.nahs.org.cn/jcyj/scxs/202410/t20241011_447899.htm
corn,玉米集贸价格,成本,2023-12,2.81,元/公斤,月度,原表同期值,来自原表“去年同期”栏，不是反推或插值,,,https://www.nahs.org.cn/jcyj/scxs/202501/t20250113_452086.htm
corn,玉米集贸价格,成本,2024-01,2.72,元/公斤,月度,原表同期值,来自原表“去年同期”栏，不是反推或插值,,,https://www.nahs.org.cn/jcyj/scxs/202502/t20250217_453025.htm
corn,玉米集贸价格,成本,2024-02,2.61,元/公斤,月度,原表上月值,来自原表“上月”栏,,,https://www.nahs.org.cn/jcyj/scxs/202405/t20240509_440895.htm
corn,玉米集贸价格,成本,2024-03,2.59,元/公斤,月度,原表,,,,https://www.nahs.org.cn/jcyj/scxs/202405/t20240509_440895.htm
corn,玉米集贸价格,成本,2024-04,2.57,元/公斤,月度,原表,,,,https://www.nahs.org.cn/jcyj/scxs/202405/t20240520_441295.htm
corn,玉米集贸价格,成本,2024-05,2.54,元/公斤,月度,原表,,,,https://www.nahs.org.cn/jcyj/scxs/202406/t20240624_443125.htm
corn,玉米集贸价格,成本,2024-06,2.57,元/公斤,月度,原表,,,,https://www.nahs.org.cn/jcyj/scxs/202407/t20240719_444687.htm
corn,玉米集贸价格,成本,2024-07,2.59,元/公斤,月度,原表,,,,https://www.nahs.org.cn/jcyj/scxs/202408/t20240822_445999.htm
corn,玉米集贸价格,成本,2024-08,2.56,元/公斤,月度,原表,,,,https://www.nahs.org.cn/jcyj/scxs/202409/t20240923_447237.htm
corn,玉米集贸价格,成本,2024-09,2.5,元/公斤,月度,原表,,,,https://www.nahs.org.cn/jcyj/scxs/202410/t20241011_447899.htm
corn,玉米集贸价格,成本,2024-10,2.4,元/公斤,月度,原表同期值,来自原表“去年同期”栏，不是反推或插值,,,https://www.nahs.org.cn/jcyj/scxs/202511/t20251118_467768.htm
corn,玉米集贸价格,成本,2024-11,2.36,元/公斤,月度,原表上月值,来自原表“上月”栏,,,https://www.nahs.org.cn/jcyj/scxs/202501/t20250113_452086.htm
corn,玉米集贸价格,成本,2024-12,2.32,元/公斤,月度,原表,,,,https://www.nahs.org.cn/jcyj/scxs/202501/t20250113_452086.htm
corn,玉米集贸价格,成本,2025-01,2.28,元/公斤,月度,原表,,,,https://www.nahs.org.cn/jcyj/scxs/202502/t20250217_453025.htm
corn,玉米集贸价格,成本,2025-02,2.29,元/公斤,月度,原表,,,,https://www.nahs.org.cn/jcyj/scxs/202503/t20250325_454805.htm
corn,玉米集贸价格,成本,2025-03,2.35,元/公斤,月度,原表,,,,https://www.nahs.org.cn/jcyj/scxs/202504/t20250424_456191.htm
corn,玉米集贸价格,成本,2025-04,2.38,元/公斤,月度,原表,,,,https://www.nahs.org.cn/jcyj/scxs/202505/t20250514_456937.htm
corn,玉米集贸价格,成本,2025-05,2.44,元/公斤,月度,原表,,,,https://www.nahs.org.cn/jcyj/scxs/202506/t20250616_460894.htm
corn,玉米集贸价格,成本,2025-06,2.47,元/公斤,月度,原表,,,,https://www.nahs.org.cn/jcyj/scxs/202508/t20250804_463227.htm
corn,玉米集贸价格,成本,2025-07,2.5,元/公斤,月度,原表,,,,https://www.nahs.org.cn/jcyj/scxs/202508/t20250818_463512.htm
corn,玉米集贸价格,成本,2025-08,2.5,元/公斤,月度,原表,,,,https://www.nahs.org.cn/jcyj/scxs/202509/t20250923_464888.htm
corn,玉米集贸价格,成本,2025-09,2.49,元/公斤,月度,原表,,,,https://www.nahs.org.cn/jcyj/scxs/202510/t20251015_465668.htm
corn,玉米集贸价格,成本,2025-10,2.46,元/公斤,月度,原表,,,,https://www.nahs.org.cn/jcyj/scxs/202511/t20251118_467768.htm
corn,玉米集贸价格,成本,2025-11,2.43,元/公斤,月度,原表,,,,https://www.nahs.org.cn/jcyj/scxs/202512/t20251217_468664.htm
corn,玉米集贸价格,成本,2025-12,2.43,元/公斤,月度,原表,,,,https://www.nahs.org.cn/jcyj/scxs/202601/t20260115_469255.htm
corn,玉米集贸价格,成本,2026-01,2.44,元/公斤,月度,原表,,,,https://www.nahs.org.cn/jcyj/scxs/202603/t20260324_470301.htm
corn,玉米集贸价格,成本,2026-02,2.45,元/公斤,月度,原表,,,,https://www.nahs.org.cn/jcyj/scxs/202603/t20260324_470302.htm
corn,玉米集贸价格,成本,2026-03,2.48,元/公斤,月度,原表,,,,https://www.nahs.org.cn/jcyj/scxs/202604/t20260410_471339.htm
corn,玉米集贸价格,成本,2026-04,2.5,元/公斤,月度,原表,,,,https://www.nahs.org.cn/jcyj/scxs/202605/t20260519_472251.htm
corn,玉米集贸价格,成本,2026-05,2.5,元/公斤,月度,原表,,,,https://www.nahs.org.cn/jcyj/scxs/202606/t20260617_472822.htm
corn,玉米集贸价格,成本,2026-06,2.49,元/公斤,月度,原表,,,,https://www.nahs.org.cn/jcyj/scxs/202607/t20260708_473285.htm
corn,玉米集贸价格,成本,2026-07,2.48,元/公斤,月度,原表,,,,https://www.nahs.org.cn/jcyj/scxs/202608/t20260814_473946.htm
corn,玉米集贸价格,成本,2026-08,2.46,元/公斤,月度,原表,,,,https://www.nahs.org.cn/jcyj/scxs/202609/t20260909_474345.htm
corn_annual,全年玉米产量,成本,2021-12,5451.0,亿斤,年度,原表,年度值；历年原始发布版本可能存在后续修订。,,,https://www.stats.gov.cn/sj/sjjd/202302/t20230202_1896581.html
corn_annual,全年玉米产量,成本,2022-12,5544.0,亿斤,年度,原表,年度值；历年原始发布版本可能存在后续修订。,,,https://www.stats.gov.cn/zt_18555/zthd/lhfw/2023/sjjd/202302/t20230219_1913352.html
corn_annual,全年玉米产量,成本,2023-12,5776.8,亿斤,年度,原表,年度值；历年原始发布版本可能存在后续修订。,,,https://www.stats.gov.cn/xxgk/jd/sjjd2020/202401/t20240118_1946723.html
corn_annual,全年玉米产量,成本,2024-12,5898.3,亿斤,年度,原表,年度值；历年原始发布版本可能存在后续修订。,,,https://www.stats.gov.cn/xxgk/jd/sjjd2020/202501/t20250117_1958344.html
corn_annual,全年玉米产量,成本,2025-12,6024.7,亿斤,年度,原表,年度值；历年原始发布版本可能存在后续修订。,,,https://www.stats.gov.cn/sj/zxfbhjd/202601/t20260119_1962332.html
corn_ppi,玉米生产者价格同比,成本,2021-12,25.5,%,年度,原表,年度值；历年原始发布版本可能存在后续修订。,,,https://www.stats.gov.cn/sj/sjjd/202302/t20230202_1896581.html
corn_ppi,玉米生产者价格同比,成本,2022-12,2.7,%,年度,原表,年度值；历年原始发布版本可能存在后续修订。,,,https://www.stats.gov.cn/zt_18555/zthd/lhfw/2023/sjjd/202302/t20230219_1913352.html
corn_ppi,玉米生产者价格同比,成本,2023-12,1.6,%,年度,原表,年度值；历年原始发布版本可能存在后续修订。,,,https://www.stats.gov.cn/xxgk/jd/sjjd2020/202401/t20240118_1946723.html
corn_ppi,玉米生产者价格同比,成本,2024-12,-14.1,%,年度,原表,年度值；历年原始发布版本可能存在后续修订。,,,https://www.stats.gov.cn/xxgk/jd/sjjd2020/202501/t20250117_1958344.html
corn_ppi,玉米生产者价格同比,成本,2025-12,-3.8,%,年度,原表,年度值；历年原始发布版本可能存在后续修订。,,,https://www.stats.gov.cn/sj/zxfbhjd/202601/t20260119_1962332.html
egg,鸡蛋集贸价格,需求,2021-01,10.69,元/公斤,月度,原表,,,,https://www.nahs.org.cn/jcyj/jghq/202102/t20210226_371604.htm
egg,鸡蛋集贸价格,需求,2021-02,10.4,元/公斤,月度,原表,,,,https://www.nahs.org.cn/jcyj/jghq/202104/t20210422_376775.htm
egg,鸡蛋集贸价格,需求,2021-03,9.69,元/公斤,月度,原表,,,,https://www.nahs.org.cn/jcyj/jghq/202104/t20210422_376773.htm
egg,鸡蛋集贸价格,需求,2021-04,9.65,元/公斤,月度,原表,,,,https://www.nahs.org.cn/jcyj/jghq/202105/t20210521_378849.htm
egg,鸡蛋集贸价格,需求,2021-05,10.08,元/公斤,月度,原表,,,,https://www.nahs.org.cn/jcyj/jghq/202106/t20210630_381746.htm
egg,鸡蛋集贸价格,需求,2021-06,10.04,元/公斤,月度,原表,,,,https://www.nahs.org.cn/jcyj/jghq/202109/t20210901_386328.htm
egg,鸡蛋集贸价格,需求,2021-07,10.03,元/公斤,月度,原表,,,,https://www.nahs.org.cn/jcyj/jghq/202109/t20210902_386392.htm
egg,鸡蛋集贸价格,需求,2023-03,11.65,元/公斤,月度,原表同期值,来自原表“去年同期”栏，不是反推或插值,,,https://www.nahs.org.cn/jcyj/scxs/202405/t20240509_440895.htm
egg,鸡蛋集贸价格,需求,2023-04,11.59,元/公斤,月度,原表同期值,来自原表“去年同期”栏，不是反推或插值,,,https://www.nahs.org.cn/jcyj/scxs/202405/t20240520_441295.htm
egg,鸡蛋集贸价格,需求,2023-05,11.38,元/公斤,月度,原表同期值,来自原表“去年同期”栏，不是反推或插值,,,https://www.nahs.org.cn/jcyj/scxs/202406/t20240624_443125.htm
egg,鸡蛋集贸价格,需求,2023-06,11.05,元/公斤,月度,原表同期值,来自原表“去年同期”栏，不是反推或插值,,,https://www.nahs.org.cn/jcyj/scxs/202407/t20240719_444687.htm
egg,鸡蛋集贸价格,需求,2023-07,10.76,元/公斤,月度,原表同期值,来自原表“去年同期”栏，不是反推或插值,,,https://www.nahs.org.cn/jcyj/scxs/202408/t20240822_445999.htm
egg,鸡蛋集贸价格,需求,2023-08,11.81,元/公斤,月度,原表同期值,来自原表“去年同期”栏，不是反推或插值,,,https://www.nahs.org.cn/jcyj/scxs/202409/t20240923_447237.htm
egg,鸡蛋集贸价格,需求,2023-09,12.49,元/公斤,月度,原表同期值,来自原表“去年同期”栏，不是反推或插值,,,https://www.nahs.org.cn/jcyj/scxs/202410/t20241011_447899.htm
egg,鸡蛋集贸价格,需求,2023-12,11.27,元/公斤,月度,原表同期值,来自原表“去年同期”栏，不是反推或插值,,,https://www.nahs.org.cn/jcyj/scxs/202501/t20250113_452086.htm
egg,鸡蛋集贸价格,需求,2024-01,10.99,元/公斤,月度,原表同期值,来自原表“去年同期”栏，不是反推或插值,,,https://www.nahs.org.cn/jcyj/scxs/202502/t20250217_453025.htm
egg,鸡蛋集贸价格,需求,2024-02,10.69,元/公斤,月度,原表上月值,来自原表“上月”栏,,,https://www.nahs.org.cn/jcyj/scxs/202405/t20240509_440895.htm
egg,鸡蛋集贸价格,需求,2024-03,10.08,元/公斤,月度,原表,,,,https://www.nahs.org.cn/jcyj/scxs/202405/t20240509_440895.htm
egg,鸡蛋集贸价格,需求,2024-04,9.73,元/公斤,月度,原表,,,,https://www.nahs.org.cn/jcyj/scxs/202405/t20240520_441295.htm
egg,鸡蛋集贸价格,需求,2024-05,9.79,元/公斤,月度,原表,,,,https://www.nahs.org.cn/jcyj/scxs/202406/t20240624_443125.htm
egg,鸡蛋集贸价格,需求,2024-06,10.17,元/公斤,月度,原表,,,,https://www.nahs.org.cn/jcyj/scxs/202407/t20240719_444687.htm
egg,鸡蛋集贸价格,需求,2024-07,10.54,元/公斤,月度,原表,,,,https://www.nahs.org.cn/jcyj/scxs/202408/t20240822_445999.htm
egg,鸡蛋集贸价格,需求,2024-08,11.15,元/公斤,月度,原表,,,,https://www.nahs.org.cn/jcyj/scxs/202409/t20240923_447237.htm
egg,鸡蛋集贸价格,需求,2024-09,11.67,元/公斤,月度,原表,,,,https://www.nahs.org.cn/jcyj/scxs/202410/t20241011_447899.htm
egg,鸡蛋集贸价格,需求,2024-10,11.32,元/公斤,月度,原表同期值,来自原表“去年同期”栏，不是反推或插值,,,https://www.nahs.org.cn/jcyj/scxs/202511/t20251118_467768.htm
egg,鸡蛋集贸价格,需求,2024-11,11.17,元/公斤,月度,原表上月值,来自原表“上月”栏,,,https://www.nahs.org.cn/jcyj/scxs/202501/t20250113_452086.htm
egg,鸡蛋集贸价格,需求,2024-12,11.12,元/公斤,月度,原表,,,,https://www.nahs.org.cn/jcyj/scxs/202501/t20250113_452086.htm
egg,鸡蛋集贸价格,需求,2025-01,11.02,元/公斤,月度,原表,,,,https://www.nahs.org.cn/jcyj/scxs/202502/t20250217_453025.htm
egg,鸡蛋集贸价格,需求,2025-02,10.2,元/公斤,月度,原表,,,,https://www.nahs.org.cn/jcyj/scxs/202503/t20250325_454805.htm
egg,鸡蛋集贸价格,需求,2025-03,9.61,元/公斤,月度,原表,,,,https://www.nahs.org.cn/jcyj/scxs/202504/t20250424_456191.htm
egg,鸡蛋集贸价格,需求,2025-04,9.38,元/公斤,月度,原表,,,,https://www.nahs.org.cn/jcyj/scxs/202505/t20250514_456937.htm
egg,鸡蛋集贸价格,需求,2025-05,9.2,元/公斤,月度,原表,,,,https://www.nahs.org.cn/jcyj/scxs/202506/t20250616_460894.htm
egg,鸡蛋集贸价格,需求,2025-06,8.74,元/公斤,月度,原表,,,,https://www.nahs.org.cn/jcyj/scxs/202508/t20250804_463227.htm
egg,鸡蛋集贸价格,需求,2025-07,8.53,元/公斤,月度,原表,,,,https://www.nahs.org.cn/jcyj/scxs/202508/t20250818_463512.htm
egg,鸡蛋集贸价格,需求,2025-08,8.81,元/公斤,月度,原表,,,,https://www.nahs.org.cn/jcyj/scxs/202509/t20250923_464888.htm
egg,鸡蛋集贸价格,需求,2025-09,9.15,元/公斤,月度,原表,,,,https://www.nahs.org.cn/jcyj/scxs/202510/t20251015_465668.htm
egg,鸡蛋集贸价格,需求,2025-10,8.87,元/公斤,月度,原表,,,,https://www.nahs.org.cn/jcyj/scxs/202511/t20251118_467768.htm
egg,鸡蛋集贸价格,需求,2025-11,8.63,元/公斤,月度,原表,,,,https://www.nahs.org.cn/jcyj/scxs/202512/t20251217_468664.htm
egg,鸡蛋集贸价格,需求,2025-12,8.6,元/公斤,月度,原表,,,,https://www.nahs.org.cn/jcyj/scxs/202601/t20260115_469255.htm
egg,鸡蛋集贸价格,需求,2026-01,8.87,元/公斤,月度,原表,,,,https://www.nahs.org.cn/jcyj/scxs/202603/t20260324_470301.htm
egg,鸡蛋集贸价格,需求,2026-02,9.18,元/公斤,月度,原表,,,,https://www.nahs.org.cn/jcyj/scxs/202603/t20260324_470302.htm
egg,鸡蛋集贸价格,需求,2026-03,8.74,元/公斤,月度,原表,,,,https://www.nahs.org.cn/jcyj/scxs/202604/t20260410_471339.htm
egg,鸡蛋集贸价格,需求,2026-04,9.02,元/公斤,月度,原表,,,,https://www.nahs.org.cn/jcyj/scxs/202605/t20260519_472251.htm
egg,鸡蛋集贸价格,需求,2026-05,9.88,元/公斤,月度,原表,,,,https://www.nahs.org.cn/jcyj/scxs/202606/t20260617_472822.htm
egg,鸡蛋集贸价格,需求,2026-06,11.04,元/公斤,月度,原表,,,,https://www.nahs.org.cn/jcyj/scxs/202607/t20260708_473285.htm
egg,鸡蛋集贸价格,需求,2026-07,10.8,元/公斤,月度,原表,,,,https://www.nahs.org.cn/jcyj/scxs/202608/t20260814_473946.htm
egg,鸡蛋集贸价格,需求,2026-08,11.17,元/公斤,月度,原表,,,,https://www.nahs.org.cn/jcyj/scxs/202609/t20260909_474345.htm
eggs_annual,全年禽蛋产量,需求,2021-12,3409.0,万吨,年度,原表,年度值；历年原始发布版本可能存在后续修订。,,,https://www.stats.gov.cn/sj/sjjd/202302/t20230202_1896581.html
eggs_annual,全年禽蛋产量,需求,2022-12,3456.0,万吨,年度,原表,年度值；历年原始发布版本可能存在后续修订。,,,https://www.stats.gov.cn/zt_18555/zthd/lhfw/2023/sjjd/202302/t20230219_1913352.html
eggs_annual,全年禽蛋产量,需求,2023-12,3563.0,万吨,年度,原表,年度值；历年原始发布版本可能存在后续修订。,,,https://www.stats.gov.cn/xxgk/jd/sjjd2020/202401/t20240118_1946723.html
eggs_annual,全年禽蛋产量,需求,2024-12,3588.0,万吨,年度,原表,年度值；历年原始发布版本可能存在后续修订。,,,https://www.stats.gov.cn/xxgk/jd/sjjd2020/202501/t20250117_1958344.html
eggs_annual,全年禽蛋产量,需求,2025-12,3498.0,万吨,年度,原表,年度值；历年原始发布版本可能存在后续修订。,,,https://www.stats.gov.cn/sj/zxfbhjd/202601/t20260119_1962332.html
exports,出口猪肉量,贸易,2021-08,0.19,万吨,月度,官方表转载,2021年8月出口猪肉（万吨）,135.8%,9.0%,https://www.cpcti.com/hangqing/110033.html
exports,出口猪肉量,贸易,2021-12,0.25,万吨,月度,原表,2021年12月出口猪肉（万吨）,186.1%,19.3%,https://www.moa.gov.cn/ztzl/szcpxx/jdsj/2021/202112/
exports,出口猪肉量,贸易,2022-02,0.16,万吨,月度,原表,2022年2月出口猪肉（万吨）,179.6%,-25.2%,https://www.moa.gov.cn/ztzl/szcpxx/jdsj/2022/202202/
exports,出口猪肉量,贸易,2022-03,0.31,万吨,月度,原表,2022年3月出口猪肉（万吨）,239.0%,92.8%,https://www.moa.gov.cn/ztzl/szcpxx/jdsj/2022/202203/
exports,出口猪肉量,贸易,2022-04,0.25,万吨,月度,原表,2022年4月出口猪肉（万吨）,246.6%,-20.6%,https://www.moa.gov.cn/ztzl/szcpxx/jdsj/2022/202204/
exports,出口猪肉量,贸易,2022-05,0.24,万吨,月度,原表,2022年5月出口猪肉（万吨）,104.2%,-5.1%,https://www.moa.gov.cn/ztzl/szcpxx/jdsj/2022/202205/
exports,出口猪肉量,贸易,2022-06,0.21,万吨,月度,原表,2022年6月出口猪肉（万吨）,38.4%,-9.4%,https://www.moa.gov.cn/ztzl/szcpxx/jdsj/2022/202206/
exports,出口猪肉量,贸易,2022-07,0.24,万吨,月度,原表,2022年7月出口猪肉（万吨）,38.2%,10.1%,https://www.moa.gov.cn/ztzl/szcpxx/jdsj/2022/202207/
exports,出口猪肉量,贸易,2022-09,0.25,万吨,月度,原表,2022年9月份出口猪肉（万吨）,21.3%,2.8%,https://www.moa.gov.cn/ztzl/szcpxx/jdsj/2022/202209/
exports,出口猪肉量,贸易,2022-10,0.17,万吨,月度,原表,2022年10月出口猪肉（万吨）,-16.9%,-32.5%,https://www.moa.gov.cn/ztzl/szcpxx/jdsj/2022/202210/
exports,出口猪肉量,贸易,2022-11,0.22,万吨,月度,原表,2022年11月出口猪肉（万吨）,2.0%,29.0%,https://www.moa.gov.cn/ztzl/szcpxx/jdsj/2022/202211/
exports,出口猪肉量,贸易,2022-12,0.24,万吨,月度,原表,2022年12月出口猪肉（万吨）,-6.2%,9.8%,https://www.moa.gov.cn/ztzl/szcpxx/jdsj/2022/202212/
exports,出口猪肉量,贸易,2023-02,0.22,万吨,月度,原表,2023年2月出口猪肉（万吨）,36.5%,40.9%,https://www.moa.gov.cn/ztzl/szcpxx/jdsj/2023/202302/
exports,出口猪肉量,贸易,2023-12,0.28,万吨,月度,原表,2023年12月出口猪肉（万吨）,15.9%,17.6%,https://www.moa.gov.cn/ztzl/szcpxx/jdsj/2023/202312/
exports,出口猪肉量,贸易,2024-03,0.23,万吨,月度,原表,2024年3月出口猪肉（万吨）,3.2%,30.9%,https://www.moa.gov.cn/ztzl/szcpxx/jdsj/2024/202403/
exports,出口猪肉量,贸易,2024-04,0.23,万吨,月度,原表,2024年4月出口猪肉（万吨）,16.2%,-2.5%,https://www.moa.gov.cn/ztzl/szcpxx/jdsj/2024/202404/
exports,出口猪肉量,贸易,2024-06,0.22,万吨,月度,原表,2024年6月出口猪肉（万吨）,-5.0%,-9.8%,https://www.moa.gov.cn/ztzl/szcpxx/jdsj/2024/202406/
exports,出口猪肉量,贸易,2024-07,0.24,万吨,月度,原表,2024年7月出口猪肉（万吨）,8.5%,9.7%,https://www.moa.gov.cn/ztzl/szcpxx/jdsj/2024/202407/
exports,出口猪肉量,贸易,2024-08,0.21,万吨,月度,官方表转载,2024年8月出口猪肉（万吨）,-14.6%,-9.6%,https://www.boyar.cn/article/1210747.html
exports,出口猪肉量,贸易,2024-09,0.21,万吨,月度,原表,2024年9月出口猪肉（万吨）,-12.2%,-2.7%,https://www.moa.gov.cn/ztzl/szcpxx/jdsj/2024/202409/
exports,出口猪肉量,贸易,2024-10,0.22,万吨,月度,原表,2024年10月出口猪肉（万吨）,-12.7%,5.9%,https://www.moa.gov.cn/ztzl/szcpxx/jdsj/2024/202410/
exports,出口猪肉量,贸易,2024-11,0.24,万吨,月度,官方表转载,2024年11月出口猪肉（万吨）,3.2%,9.9%,https://www.boyar.cn/article/1217874.html
exports,出口猪肉量,贸易,2024-12,0.33,万吨,月度,原表,2024年12月出口猪肉（万吨）,19.9%,36.7%,https://www.moa.gov.cn/ztzl/szcpxx/jdsj/2024/202412/
exports,出口猪肉量,贸易,2025-02,0.22,万吨,月度,原表,2025年2月出口猪肉（万吨）,22.8%,-16.1%,https://www.moa.gov.cn/ztzl/szcpxx/jdsj/2025/202502/
exports,出口猪肉量,贸易,2025-03,0.27,万吨,月度,原表,2025年3月出口猪肉（万吨）,17.3%,25.0%,https://www.moa.gov.cn/ztzl/szcpxx/jdsj/2025/202503/
exports,出口猪肉量,贸易,2025-04,0.31,万吨,月度,原表,2025年4月出口猪肉（万吨）,37.1%,14.0%,https://www.moa.gov.cn/ztzl/szcpxx/jdsj/2025/202504/
exports,出口猪肉量,贸易,2025-05,0.37,万吨,月度,原表,2025年5月出口猪肉（万吨）,55.2%,19.0%,https://www.moa.gov.cn/ztzl/szcpxx/jdsj/2025/202505/
exports,出口猪肉量,贸易,2025-06,0.34,万吨,月度,原表,2025年6月出口猪肉（万吨）,59.4%,-7.4%,https://www.moa.gov.cn/ztzl/szcpxx/jdsj/2025/202506/
exports,出口猪肉量,贸易,2025-08,0.34,万吨,月度,官方表转载,2025年8月出口猪肉（万吨）,59.2%,-5.2%,https://z.nxin.com/Home/InfoDetail/1480689
exports,出口猪肉量,贸易,2025-09,0.41,万吨,月度,官方表转载,2025年9月出口猪肉（万吨）,95.8%,19.7%,https://m.boyar.cn/article/1241943.html
exports,出口猪肉量,贸易,2025-10,0.44,万吨,月度,官方表转载,2025年10月出口猪肉（万吨）,97.6%,6.9%,https://www.boyar.cn/article/1244270.html
exports,出口猪肉量,贸易,2025-12,0.69,万吨,月度,官方表转载,2025年12月出口猪肉（万吨）,109.6%,32.0%,https://www.boyar.cn/article/1248731.html
exports,出口猪肉量,贸易,2026-08,0.56,万吨,月度,原表,2026年8月出口猪肉（万吨）,65.1%,-17.8%,https://www.moa.gov.cn/ztzl/szcpxx/jdsj/2026/202608/
exports_annual,出口猪肉 · 全年,贸易,2021-12,1.81,万吨,年度,原表,,,,https://www.moa.gov.cn/ztzl/szcpxx/jdsj/2021/202112/
exports_annual,出口猪肉 · 全年,贸易,2022-12,2.74,万吨,年度,原表,,,,https://www.moa.gov.cn/ztzl/szcpxx/jdsj/2022/202212/
exports_annual,出口猪肉 · 全年,贸易,2023-12,2.68,万吨,年度,原表,,,,https://www.moa.gov.cn/ztzl/szcpxx/jdsj/2023/202312/
exports_annual,出口猪肉 · 全年,贸易,2024-12,2.77,万吨,年度,原表,,,,https://www.moa.gov.cn/ztzl/szcpxx/jdsj/2024/202412/
exports_annual,出口猪肉 · 全年,贸易,2025-12,4.54,万吨,年度,官方表转载,,,,https://www.boyar.cn/article/1248731.html
feed,育肥猪配合饲料价格,成本,2021-01,3.52,元/公斤,月度,原表,,,,https://www.nahs.org.cn/jcyj/jghq/202102/t20210226_371604.htm
feed,育肥猪配合饲料价格,成本,2021-02,3.61,元/公斤,月度,原表,,,,https://www.nahs.org.cn/jcyj/jghq/202104/t20210422_376775.htm
feed,育肥猪配合饲料价格,成本,2021-03,3.62,元/公斤,月度,原表,,,,https://www.nahs.org.cn/jcyj/jghq/202104/t20210422_376773.htm
feed,育肥猪配合饲料价格,成本,2021-04,3.58,元/公斤,月度,原表,,,,https://www.nahs.org.cn/jcyj/jghq/202105/t20210521_378849.htm
feed,育肥猪配合饲料价格,成本,2021-05,3.6,元/公斤,月度,原表,,,,https://www.nahs.org.cn/jcyj/jghq/202106/t20210630_381746.htm
feed,育肥猪配合饲料价格,成本,2021-06,3.63,元/公斤,月度,原表,,,,https://www.nahs.org.cn/jcyj/jghq/202109/t20210901_386328.htm
feed,育肥猪配合饲料价格,成本,2021-07,3.62,元/公斤,月度,原表,,,,https://www.nahs.org.cn/jcyj/jghq/202109/t20210902_386392.htm
feed,育肥猪配合饲料价格,成本,2022-01,3.66,元/公斤,月度,原表,,,,https://www.nahs.org.cn/jcyj/jghq/202203/t20220307_398774.htm
feed,育肥猪配合饲料价格,成本,2022-02,3.69,元/公斤,月度,原表,,,,https://www.nahs.org.cn/jcyj/jghq/202203/t20220307_398775.htm
feed,育肥猪配合饲料价格,成本,2023-03,3.93,元/公斤,月度,原表同期值,来自原表“去年同期”栏，不是反推或插值,,,https://www.nahs.org.cn/jcyj/scxs/202405/t20240509_440895.htm
feed,育肥猪配合饲料价格,成本,2023-04,3.87,元/公斤,月度,原表同期值,来自原表“去年同期”栏，不是反推或插值,,,https://www.nahs.org.cn/jcyj/scxs/202405/t20240520_441295.htm
feed,育肥猪配合饲料价格,成本,2023-05,3.87,元/公斤,月度,原表同期值,来自原表“去年同期”栏，不是反推或插值,,,https://www.nahs.org.cn/jcyj/scxs/202406/t20240624_443125.htm
feed,育肥猪配合饲料价格,成本,2023-06,3.84,元/公斤,月度,原表同期值,来自原表“去年同期”栏，不是反推或插值,,,https://www.nahs.org.cn/jcyj/scxs/202407/t20240719_444687.htm
feed,育肥猪配合饲料价格,成本,2023-07,3.86,元/公斤,月度,原表同期值,来自原表“去年同期”栏，不是反推或插值,,,https://www.nahs.org.cn/jcyj/scxs/202408/t20240822_445999.htm
feed,育肥猪配合饲料价格,成本,2023-08,3.91,元/公斤,月度,原表同期值,来自原表“去年同期”栏，不是反推或插值,,,https://www.nahs.org.cn/jcyj/scxs/202409/t20240923_447237.htm
feed,育肥猪配合饲料价格,成本,2023-09,3.95,元/公斤,月度,原表同期值,来自原表“去年同期”栏，不是反推或插值,,,https://www.nahs.org.cn/jcyj/scxs/202410/t20241011_447899.htm
feed,育肥猪配合饲料价格,成本,2023-12,3.8,元/公斤,月度,原表同期值,来自原表“去年同期”栏，不是反推或插值,,,https://www.nahs.org.cn/jcyj/scxs/202501/t20250113_452086.htm
feed,育肥猪配合饲料价格,成本,2024-01,3.74,元/公斤,月度,原表同期值,来自原表“去年同期”栏，不是反推或插值,,,https://www.nahs.org.cn/jcyj/scxs/202502/t20250217_453025.htm
feed,育肥猪配合饲料价格,成本,2024-02,3.67,元/公斤,月度,原表上月值,来自原表“上月”栏,,,https://www.nahs.org.cn/jcyj/scxs/202405/t20240509_440895.htm
feed,育肥猪配合饲料价格,成本,2024-03,3.62,元/公斤,月度,原表,,,,https://www.nahs.org.cn/jcyj/scxs/202405/t20240509_440895.htm
feed,育肥猪配合饲料价格,成本,2024-04,3.6,元/公斤,月度,原表,,,,https://www.nahs.org.cn/jcyj/scxs/202405/t20240520_441295.htm
feed,育肥猪配合饲料价格,成本,2024-05,3.55,元/公斤,月度,原表,,,,https://www.nahs.org.cn/jcyj/scxs/202406/t20240624_443125.htm
feed,育肥猪配合饲料价格,成本,2024-06,3.54,元/公斤,月度,原表,,,,https://www.nahs.org.cn/jcyj/scxs/202407/t20240719_444687.htm
feed,育肥猪配合饲料价格,成本,2024-07,3.54,元/公斤,月度,原表,,,,https://www.nahs.org.cn/jcyj/scxs/202408/t20240822_445999.htm
feed,育肥猪配合饲料价格,成本,2024-08,3.5,元/公斤,月度,原表,,,,https://www.nahs.org.cn/jcyj/scxs/202409/t20240923_447237.htm
feed,育肥猪配合饲料价格,成本,2024-09,3.45,元/公斤,月度,原表,,,,https://www.nahs.org.cn/jcyj/scxs/202410/t20241011_447899.htm
feed,育肥猪配合饲料价格,成本,2024-10,3.42,元/公斤,月度,原表同期值,来自原表“去年同期”栏，不是反推或插值,,,https://www.nahs.org.cn/jcyj/scxs/202511/t20251118_467768.htm
feed,育肥猪配合饲料价格,成本,2024-11,3.39,元/公斤,月度,原表上月值,来自原表“上月”栏,,,https://www.nahs.org.cn/jcyj/scxs/202501/t20250113_452086.htm
feed,育肥猪配合饲料价格,成本,2024-12,3.37,元/公斤,月度,原表,,,,https://www.nahs.org.cn/jcyj/scxs/202501/t20250113_452086.htm
feed,育肥猪配合饲料价格,成本,2025-01,3.34,元/公斤,月度,原表,,,,https://www.nahs.org.cn/jcyj/scxs/202502/t20250217_453025.htm
feed,育肥猪配合饲料价格,成本,2025-02,3.38,元/公斤,月度,原表,,,,https://www.nahs.org.cn/jcyj/scxs/202503/t20250325_454805.htm
feed,育肥猪配合饲料价格,成本,2025-03,3.42,元/公斤,月度,原表,,,,https://www.nahs.org.cn/jcyj/scxs/202504/t20250424_456191.htm
feed,育肥猪配合饲料价格,成本,2025-04,3.41,元/公斤,月度,原表,,,,https://www.nahs.org.cn/jcyj/scxs/202505/t20250514_456937.htm
feed,育肥猪配合饲料价格,成本,2025-05,3.42,元/公斤,月度,原表,,,,https://www.nahs.org.cn/jcyj/scxs/202506/t20250616_460894.htm
feed,育肥猪配合饲料价格,成本,2025-06,3.4,元/公斤,月度,原表,,,,https://www.nahs.org.cn/jcyj/scxs/202508/t20250804_463227.htm
feed,育肥猪配合饲料价格,成本,2025-07,3.39,元/公斤,月度,原表,,,,https://www.nahs.org.cn/jcyj/scxs/202508/t20250818_463512.htm
feed,育肥猪配合饲料价格,成本,2025-08,3.39,元/公斤,月度,原表,,,,https://www.nahs.org.cn/jcyj/scxs/202509/t20250923_464888.htm
feed,育肥猪配合饲料价格,成本,2025-09,3.39,元/公斤,月度,原表,,,,https://www.nahs.org.cn/jcyj/scxs/202510/t20251015_465668.htm
feed,育肥猪配合饲料价格,成本,2025-10,3.37,元/公斤,月度,原表,,,,https://www.nahs.org.cn/jcyj/scxs/202511/t20251118_467768.htm
feed,育肥猪配合饲料价格,成本,2025-11,3.36,元/公斤,月度,原表,,,,https://www.nahs.org.cn/jcyj/scxs/202512/t20251217_468664.htm
feed,育肥猪配合饲料价格,成本,2025-12,3.36,元/公斤,月度,原表,,,,https://www.nahs.org.cn/jcyj/scxs/202601/t20260115_469255.htm
feed,育肥猪配合饲料价格,成本,2026-01,3.36,元/公斤,月度,原表,,,,https://www.nahs.org.cn/jcyj/scxs/202603/t20260324_470301.htm
feed,育肥猪配合饲料价格,成本,2026-02,3.37,元/公斤,月度,原表,,,,https://www.nahs.org.cn/jcyj/scxs/202603/t20260324_470302.htm
feed,育肥猪配合饲料价格,成本,2026-03,3.4,元/公斤,月度,原表,,,,https://www.nahs.org.cn/jcyj/scxs/202604/t20260410_471339.htm
feed,育肥猪配合饲料价格,成本,2026-04,3.41,元/公斤,月度,原表,,,,https://www.nahs.org.cn/jcyj/scxs/202605/t20260519_472251.htm
feed,育肥猪配合饲料价格,成本,2026-05,3.4,元/公斤,月度,原表,,,,https://www.nahs.org.cn/jcyj/scxs/202606/t20260617_472822.htm
feed,育肥猪配合饲料价格,成本,2026-06,3.38,元/公斤,月度,原表,,,,https://www.nahs.org.cn/jcyj/scxs/202607/t20260708_473285.htm
feed,育肥猪配合饲料价格,成本,2026-07,3.36,元/公斤,月度,原表,,,,https://www.nahs.org.cn/jcyj/scxs/202608/t20260814_473946.htm
feed,育肥猪配合饲料价格,成本,2026-08,3.35,元/公斤,月度,原表,,,,https://www.nahs.org.cn/jcyj/scxs/202609/t20260909_474345.htm
gilt,二元母猪销售价格,价格,2021-08,49.31,元/公斤,月度,官方表转载,2021年8月份全国二元母猪销售价格（元/公斤）,-34.3%,-5.7%,https://www.cpcti.com/hangqing/110033.html
gilt,二元母猪销售价格,价格,2021-12,39.17,元/公斤,月度,原表,2021年12月份全国二元母猪销售价格（元/公斤）,-46.8%,1.1%,https://www.moa.gov.cn/ztzl/szcpxx/jdsj/2021/202112/
gilt,二元母猪销售价格,价格,2022-01,37.62,元/公斤,月度,原表,2022年1月份全国二元母猪销售价格（元/公斤）,-50.1%,-4.0%,https://www.moa.gov.cn/ztzl/szcpxx/jdsj/2022/202201/
gilt,二元母猪销售价格,价格,2022-02,36.27,元/公斤,月度,原表,2022年2月份全国二元母猪销售价格（元/公斤）,-51.5%,-3.6%,https://www.moa.gov.cn/ztzl/szcpxx/jdsj/2022/202202/
gilt,二元母猪销售价格,价格,2022-03,35.12,元/公斤,月度,原表,2022年3月份全国二元母猪销售价格（元/公斤）,-52.9%,-3.2%,https://www.moa.gov.cn/ztzl/szcpxx/jdsj/2022/202203/
gilt,二元母猪销售价格,价格,2022-04,34.92,元/公斤,月度,原表,2022年4月份全国二元母猪销售价格（元/公斤）,-51.2%,-0.6%,https://www.moa.gov.cn/ztzl/szcpxx/jdsj/2022/202204/
gilt,二元母猪销售价格,价格,2022-05,36.57,元/公斤,月度,原表,2022年5月份全国二元母猪销售价格（元/公斤）,-45.3%,4.7%,https://www.moa.gov.cn/ztzl/szcpxx/jdsj/2022/202205/
gilt,二元母猪销售价格,价格,2022-06,37.92,元/公斤,月度,原表,2022年6月份全国二元母猪销售价格（元/公斤）,-34.3%,3.7%,https://www.moa.gov.cn/ztzl/szcpxx/jdsj/2022/202206/
gilt,二元母猪销售价格,价格,2022-07,41.79,元/公斤,月度,原表,2022年7月份全国二元母猪销售价格（元/公斤）,-20.0%,10.2%,https://www.moa.gov.cn/ztzl/szcpxx/jdsj/2022/202207/
gilt,二元母猪销售价格,价格,2022-09,42.61,元/公斤,月度,原表,2022年9月份全国二元母猪销售价格（元/公斤）,-2.2%,0.5%,https://www.moa.gov.cn/ztzl/szcpxx/jdsj/2022/202209/
gilt,二元母猪销售价格,价格,2022-10,43.66,元/公斤,月度,原表,2022年10月份全国二元母猪销售价格（元/公斤）,15.9%,2.5%,https://www.moa.gov.cn/ztzl/szcpxx/jdsj/2022/202210/
gilt,二元母猪销售价格,价格,2022-11,43.36,元/公斤,月度,原表,2022年11月份全国二元母猪销售价格（元/公斤）,12.0%,-0.7%,https://www.moa.gov.cn/ztzl/szcpxx/jdsj/2022/202211/
gilt,二元母猪销售价格,价格,2022-12,41.3,元/公斤,月度,原表,2022年12月份全国二元母猪销售价格（元/公斤）,5.4%,-4.8%,https://www.moa.gov.cn/ztzl/szcpxx/jdsj/2022/202212/
gilt,二元母猪销售价格,价格,2023-01,38.73,元/公斤,月度,原表,2023年1月份全国二元母猪销售价格（元/公斤）,3.0%,-6.2%,https://www.moa.gov.cn/ztzl/szcpxx/jdsj/2023/202301/
gilt,二元母猪销售价格,价格,2023-02,37.58,元/公斤,月度,原表,2023年2月份全国二元母猪销售价格（元/公斤）,3.6%,-3.0%,https://www.moa.gov.cn/ztzl/szcpxx/jdsj/2023/202302/
gilt,二元母猪销售价格,价格,2023-03,37.82,元/公斤,月度,原表,2023年3月份全国二元母猪销售价格（元/公斤）,7.7%,0.6%,https://www.moa.gov.cn/ztzl/szcpxx/jdsj/2023/202303/
gilt,二元母猪销售价格,价格,2023-04,37.27,元/公斤,月度,官方表转载,2023年4月份全国二元母猪销售价格（元/公斤）,6.7%,-1.5%,https://m.boyar.cn/article/1170068.html
gilt,二元母猪销售价格,价格,2023-05,36.8,元/公斤,月度,官方表转载,2023年5月份全国二元母猪销售价格（元/公斤）,0.6%,-1.3%,https://m.boyar.cn/article/1172606.html
gilt,二元母猪销售价格,价格,2023-06,36.11,元/公斤,月度,原表,2023年6月份全国二元母猪销售价格（元/公斤）,-4.8%,-1.9%,https://www.moa.gov.cn/ztzl/szcpxx/jdsj/2023/202306/
gilt,二元母猪销售价格,价格,2023-07,35.16,元/公斤,月度,官方表转载,2023年7月份全国二元母猪销售价格（元/公斤）,-15.9%,-2.6%,https://m.boyar.cn/article/1177887.html
gilt,二元母猪销售价格,价格,2023-08,35.48,元/公斤,月度,原表,2023年8月份全国二元母猪销售价格（元/公斤）,-16.3%,0.9%,https://www.moa.gov.cn/ztzl/szcpxx/jdsj/2023/202308/
gilt,二元母猪销售价格,价格,2023-09,35.19,元/公斤,月度,原表,2023年9月份全国二元母猪销售价格（元/公斤）,-17.4%,-0.8%,https://www.moa.gov.cn/ztzl/szcpxx/jdsj/2023/202309/
gilt,二元母猪销售价格,价格,2023-12,32.84,元/公斤,月度,原表,2023年12月份全国二元母猪销售价格（元/公斤）,-20.5%,-1.3%,https://www.moa.gov.cn/ztzl/szcpxx/jdsj/2023/202312/
gilt,二元母猪销售价格,价格,2024-01,32.71,元/公斤,月度,原表,2024年1月份全国二元母猪销售价格（元/公斤）,-15.5%,-0.4%,https://www.moa.gov.cn/ztzl/szcpxx/jdsj/2024/202401/
gilt,二元母猪销售价格,价格,2024-03,33.82,元/公斤,月度,原表,2024年3月份全国二元母猪销售价格（元/公斤）,-10.6%,1.9%,https://www.moa.gov.cn/ztzl/szcpxx/jdsj/2024/202403/
gilt,二元母猪销售价格,价格,2024-04,34.74,元/公斤,月度,原表,2024年4月份全国二元母猪销售价格（元/公斤）,-6.8%,2.7%,https://www.moa.gov.cn/ztzl/szcpxx/jdsj/2024/202404/
gilt,二元母猪销售价格,价格,2024-06,36.42,元/公斤,月度,原表,2024年6月份全国二元母猪销售价格（元/公斤）,0.9%,3.9%,https://www.moa.gov.cn/ztzl/szcpxx/jdsj/2024/202406/
gilt,二元母猪销售价格,价格,2024-07,37.15,元/公斤,月度,原表,2024年7月份全国二元母猪销售价格（元/公斤）,5.7%,2.0%,https://www.moa.gov.cn/ztzl/szcpxx/jdsj/2024/202407/
gilt,二元母猪销售价格,价格,2024-08,37.95,元/公斤,月度,官方表转载,2024年8月份全国二元母猪销售价格（元/公斤）,7.0%,2.2%,https://www.boyar.cn/article/1210747.html
gilt,二元母猪销售价格,价格,2024-09,37.75,元/公斤,月度,原表,2024年9月份全国二元母猪销售价格（元/公斤）,7.3%,-0.5%,https://www.moa.gov.cn/ztzl/szcpxx/jdsj/2024/202409/
gilt,二元母猪销售价格,价格,2024-10,36.84,元/公斤,月度,原表,2024年10月份全国二元母猪销售价格（元/公斤）,7.9%,-2.4%,https://www.moa.gov.cn/ztzl/szcpxx/jdsj/2024/202410/
gilt,二元母猪销售价格,价格,2024-11,36.01,元/公斤,月度,官方表转载,2024年11月份全国二元母猪销售价格（元/公斤）,8.3%,-2.3%,https://www.boyar.cn/article/1217874.html
gilt,二元母猪销售价格,价格,2024-12,35.48,元/公斤,月度,原表,2024年12月份全国二元母猪销售价格（元/公斤）,8.0%,-1.5%,https://www.moa.gov.cn/ztzl/szcpxx/jdsj/2024/202412/
gilt,二元母猪销售价格,价格,2025-01,35.3,元/公斤,月度,原表,2025年1月份全国二元母猪销售价格（元/公斤）,7.9%,-0.5%,https://www.moa.gov.cn/ztzl/szcpxx/jdsj/2025/202501/
gilt,二元母猪销售价格,价格,2025-02,35.17,元/公斤,月度,原表,2025年2月份全国二元母猪销售价格（元/公斤）,5.9%,-0.4%,https://www.moa.gov.cn/ztzl/szcpxx/jdsj/2025/202502/
gilt,二元母猪销售价格,价格,2025-03,34.66,元/公斤,月度,原表,2025年3月份全国二元母猪销售价格（元/公斤）,2.5%,-1.5%,https://www.moa.gov.cn/ztzl/szcpxx/jdsj/2025/202503/
gilt,二元母猪销售价格,价格,2025-04,34.49,元/公斤,月度,原表,2025年4月份全国二元母猪销售价格（元/公斤）,-0.7%,-0.5%,https://www.moa.gov.cn/ztzl/szcpxx/jdsj/2025/202504/
gilt,二元母猪销售价格,价格,2025-05,34.35,元/公斤,月度,原表,2025年5月份全国二元母猪销售价格（元/公斤）,-2.0%,-0.4%,https://www.moa.gov.cn/ztzl/szcpxx/jdsj/2025/202505/
gilt,二元母猪销售价格,价格,2025-06,33.6,元/公斤,月度,原表,2025年6月份全国二元母猪销售价格（元/公斤）,-7.7%,-2.2%,https://www.moa.gov.cn/ztzl/szcpxx/jdsj/2025/202506/
gilt,二元母猪销售价格,价格,2025-08,32.52,元/公斤,月度,官方表转载,2025年8月份全国二元母猪销售价格（元/公斤）,-14.3%,-1.6%,https://z.nxin.com/Home/InfoDetail/1480689
gilt,二元母猪销售价格,价格,2025-09,31.88,元/公斤,月度,官方表转载,2025年9月份全国二元母猪销售价格（元/公斤）,-15.5%,-2.0%,https://m.boyar.cn/article/1241943.html
gilt,二元母猪销售价格,价格,2025-10,30.21,元/公斤,月度,官方表转载,2025年10月份全国二元母猪销售价格（元/公斤）,-18.0%,-5.2%,https://www.boyar.cn/article/1244270.html
gilt,二元母猪销售价格,价格,2025-12,29.42,元/公斤,月度,官方表转载,2025年12月份全国二元母猪销售价格（元/公斤）,-17.1%,-0.3%,https://www.boyar.cn/article/1248731.html
gilt,二元母猪销售价格,价格,2026-08,26.68,元/公斤,月度,原表,2026年8月份全国二元母猪销售价格（元/公斤）,-18.0%,0.0%,https://www.moa.gov.cn/ztzl/szcpxx/jdsj/2026/202608/
hog,生猪集贸价格,价格,2021-01,35.8,元/公斤,月度,原表,,,,https://www.nahs.org.cn/jcyj/jghq/202102/t20210226_371604.htm
hog,生猪集贸价格,价格,2021-02,31.88,元/公斤,月度,原表,,,,https://www.nahs.org.cn/jcyj/jghq/202104/t20210422_376775.htm
hog,生猪集贸价格,价格,2021-03,28.71,元/公斤,月度,原表,,,,https://www.nahs.org.cn/jcyj/jghq/202104/t20210422_376773.htm
hog,生猪集贸价格,价格,2021-04,24.18,元/公斤,月度,原表,,,,https://www.nahs.org.cn/jcyj/jghq/202105/t20210521_378849.htm
hog,生猪集贸价格,价格,2021-05,19.98,元/公斤,月度,原表,,,,https://www.nahs.org.cn/jcyj/jghq/202106/t20210630_381746.htm
hog,生猪集贸价格,价格,2021-06,15.66,元/公斤,月度,原表,,,,https://www.nahs.org.cn/jcyj/jghq/202109/t20210901_386328.htm
hog,生猪集贸价格,价格,2021-07,15.8,元/公斤,月度,原表,,,,https://www.nahs.org.cn/jcyj/jghq/202109/t20210902_386392.htm
hog,生猪集贸价格,价格,2021-08,15.26,元/公斤,月度,原表,,,,https://journal.chinafeed.com.cn/EN/abstract/abstract627.shtml
hog,生猪集贸价格,价格,2021-09,13.42,元/公斤,月度,原表,,,,https://journal.chinafeed.com.cn/CN/10.15906/j.cnki.cn11-2975/s.20212001
hog,生猪集贸价格,价格,2022-01,15.55,元/公斤,月度,原表,,,,https://www.nahs.org.cn/jcyj/jghq/202203/t20220307_398774.htm
hog,生猪集贸价格,价格,2022-02,14.06,元/公斤,月度,原表,,,,https://www.nahs.org.cn/jcyj/jghq/202203/t20220307_398775.htm
hog,生猪集贸价格,价格,2023-03,15.6,元/公斤,月度,原表同期值,来自原表“去年同期”栏，不是反推或插值,,,https://www.nahs.org.cn/jcyj/scxs/202405/t20240509_440895.htm
hog,生猪集贸价格,价格,2023-04,14.67,元/公斤,月度,原表同期值,来自原表“去年同期”栏，不是反推或插值,,,https://www.nahs.org.cn/jcyj/scxs/202405/t20240520_441295.htm
hog,生猪集贸价格,价格,2023-05,14.56,元/公斤,月度,原表同期值,来自原表“去年同期”栏，不是反推或插值,,,https://www.nahs.org.cn/jcyj/scxs/202406/t20240624_443125.htm
hog,生猪集贸价格,价格,2023-06,14.39,元/公斤,月度,原表同期值,来自原表“去年同期”栏，不是反推或插值,,,https://www.nahs.org.cn/jcyj/scxs/202407/t20240719_444687.htm
hog,生猪集贸价格,价格,2023-07,14.35,元/公斤,月度,原表同期值,来自原表“去年同期”栏，不是反推或插值,,,https://www.nahs.org.cn/jcyj/scxs/202408/t20240822_445999.htm
hog,生猪集贸价格,价格,2023-08,17.02,元/公斤,月度,原表同期值,来自原表“去年同期”栏，不是反推或插值,,,https://www.nahs.org.cn/jcyj/scxs/202409/t20240923_447237.htm
hog,生猪集贸价格,价格,2023-09,16.77,元/公斤,月度,原表同期值,来自原表“去年同期”栏，不是反推或插值,,,https://www.nahs.org.cn/jcyj/scxs/202410/t20241011_447899.htm
hog,生猪集贸价格,价格,2023-12,14.83,元/公斤,月度,原表同期值,来自原表“去年同期”栏，不是反推或插值,,,https://www.nahs.org.cn/jcyj/scxs/202501/t20250113_452086.htm
hog,生猪集贸价格,价格,2024-01,14.52,元/公斤,月度,原表同期值,来自原表“去年同期”栏，不是反推或插值,,,https://www.nahs.org.cn/jcyj/scxs/202502/t20250217_453025.htm
hog,生猪集贸价格,价格,2024-02,15.24,元/公斤,月度,原表上月值,来自原表“上月”栏,,,https://www.nahs.org.cn/jcyj/scxs/202405/t20240509_440895.htm
hog,生猪集贸价格,价格,2024-03,14.95,元/公斤,月度,原表,,,,https://www.nahs.org.cn/jcyj/scxs/202405/t20240509_440895.htm
hog,生猪集贸价格,价格,2024-04,15.35,元/公斤,月度,原表,,,,https://www.nahs.org.cn/jcyj/scxs/202405/t20240520_441295.htm
hog,生猪集贸价格,价格,2024-05,15.59,元/公斤,月度,原表,,,,https://www.nahs.org.cn/jcyj/scxs/202406/t20240624_443125.htm
hog,生猪集贸价格,价格,2024-06,18.15,元/公斤,月度,原表,,,,https://www.nahs.org.cn/jcyj/scxs/202407/t20240719_444687.htm
hog,生猪集贸价格,价格,2024-07,18.65,元/公斤,月度,原表,,,,https://www.nahs.org.cn/jcyj/scxs/202408/t20240822_445999.htm
hog,生猪集贸价格,价格,2024-08,20.35,元/公斤,月度,原表,,,,https://www.nahs.org.cn/jcyj/scxs/202409/t20240923_447237.htm
hog,生猪集贸价格,价格,2024-09,19.7,元/公斤,月度,原表,,,,https://www.nahs.org.cn/jcyj/scxs/202410/t20241011_447899.htm
hog,生猪集贸价格,价格,2024-10,18.25,元/公斤,月度,原表同期值,来自原表“去年同期”栏，不是反推或插值,,,https://www.nahs.org.cn/jcyj/scxs/202511/t20251118_467768.htm
hog,生猪集贸价格,价格,2024-11,17.33,元/公斤,月度,原表上月值,来自原表“上月”栏,,,https://www.nahs.org.cn/jcyj/scxs/202501/t20250113_452086.htm
hog,生猪集贸价格,价格,2024-12,16.64,元/公斤,月度,原表,,,,https://www.nahs.org.cn/jcyj/scxs/202501/t20250113_452086.htm
hog,生猪集贸价格,价格,2025-01,16.61,元/公斤,月度,原表,,,,https://www.nahs.org.cn/jcyj/scxs/202502/t20250217_453025.htm
hog,生猪集贸价格,价格,2025-02,16.0,元/公斤,月度,原表,,,,https://www.nahs.org.cn/jcyj/scxs/202503/t20250325_454805.htm
hog,生猪集贸价格,价格,2025-03,15.36,元/公斤,月度,原表,,,,https://www.nahs.org.cn/jcyj/scxs/202504/t20250424_456191.htm
hog,生猪集贸价格,价格,2025-04,15.2,元/公斤,月度,原表,,,,https://www.nahs.org.cn/jcyj/scxs/202505/t20250514_456937.htm
hog,生猪集贸价格,价格,2025-05,15.01,元/公斤,月度,原表,,,,https://www.nahs.org.cn/jcyj/scxs/202506/t20250616_460894.htm
hog,生猪集贸价格,价格,2025-06,14.66,元/公斤,月度,原表,,,,https://www.nahs.org.cn/jcyj/scxs/202508/t20250804_463227.htm
hog,生猪集贸价格,价格,2025-07,14.91,元/公斤,月度,原表,,,,https://www.nahs.org.cn/jcyj/scxs/202508/t20250818_463512.htm
hog,生猪集贸价格,价格,2025-08,14.35,元/公斤,月度,原表,,,,https://www.nahs.org.cn/jcyj/scxs/202509/t20250923_464888.htm
hog,生猪集贸价格,价格,2025-09,13.81,元/公斤,月度,原表,,,,https://www.nahs.org.cn/jcyj/scxs/202510/t20251015_465668.htm
hog,生猪集贸价格,价格,2025-10,12.57,元/公斤,月度,原表,,,,https://www.nahs.org.cn/jcyj/scxs/202511/t20251118_467768.htm
hog,生猪集贸价格,价格,2025-11,12.55,元/公斤,月度,原表,,,,https://www.nahs.org.cn/jcyj/scxs/202512/t20251217_468664.htm
hog,生猪集贸价格,价格,2025-12,12.17,元/公斤,月度,原表,,,,https://www.nahs.org.cn/jcyj/scxs/202601/t20260115_469255.htm
hog,生猪集贸价格,价格,2026-01,13.07,元/公斤,月度,原表,,,,https://www.nahs.org.cn/jcyj/scxs/202603/t20260324_470301.htm
hog,生猪集贸价格,价格,2026-02,12.82,元/公斤,月度,原表,,,,https://www.nahs.org.cn/jcyj/scxs/202603/t20260324_470302.htm
hog,生猪集贸价格,价格,2026-03,11.25,元/公斤,月度,原表,,,,https://www.nahs.org.cn/jcyj/scxs/202604/t20260410_471339.htm
hog,生猪集贸价格,价格,2026-04,10.07,元/公斤,月度,原表,,,,https://www.nahs.org.cn/jcyj/scxs/202605/t20260519_472251.htm
hog,生猪集贸价格,价格,2026-05,10.15,元/公斤,月度,原表,,,,https://www.nahs.org.cn/jcyj/scxs/202606/t20260617_472822.htm
hog,生猪集贸价格,价格,2026-06,10.09,元/公斤,月度,原表,,,,https://www.nahs.org.cn/jcyj/scxs/202607/t20260708_473285.htm
hog,生猪集贸价格,价格,2026-07,11.2,元/公斤,月度,原表,,,,https://www.nahs.org.cn/jcyj/scxs/202608/t20260814_473946.htm
hog,生猪集贸价格,价格,2026-08,11.36,元/公斤,月度,原表,,,,https://www.nahs.org.cn/jcyj/scxs/202609/t20260909_474345.htm
hog_farm,生猪出场价格 · 发改委,价格,2021-08,15.9,元/公斤,月度,官方表转载,2021年8月份全国生猪出场价格（元/公斤）,-57.3%,-3.2%,https://www.cpcti.com/hangqing/110033.html
hog_farm,生猪出场价格 · 发改委,价格,2021-12,17.95,元/公斤,月度,原表,2021年12月份全国生猪出场价格（元/公斤）,-46.5%,0.4%,https://www.moa.gov.cn/ztzl/szcpxx/jdsj/2021/202112/
hog_farm,生猪出场价格 · 发改委,价格,2022-01,15.88,元/公斤,月度,原表,2022年1月份全国生猪出场价格（元/公斤）,-55.9%,-11.5%,https://www.moa.gov.cn/ztzl/szcpxx/jdsj/2022/202201/
hog_farm,生猪出场价格 · 发改委,价格,2022-02,14.16,元/公斤,月度,原表,2022年2月份全国生猪出场价格（元/公斤）,-55.6%,-10.8%,https://www.moa.gov.cn/ztzl/szcpxx/jdsj/2022/202202/
hog_farm,生猪出场价格 · 发改委,价格,2022-03,13.34,元/公斤,月度,原表,2022年3月份全国生猪出场价格（元/公斤）,-53.7%,-5.8%,https://www.moa.gov.cn/ztzl/szcpxx/jdsj/2022/202203/
hog_farm,生猪出场价格 · 发改委,价格,2022-04,14.06,元/公斤,月度,原表,2022年4月份全国生猪出场价格（元/公斤）,-43.1%,5.4%,https://www.moa.gov.cn/ztzl/szcpxx/jdsj/2022/202204/
hog_farm,生猪出场价格 · 发改委,价格,2022-05,15.92,元/公斤,月度,原表,2022年5月份全国生猪出场价格（元/公斤）,-25.4%,13.2%,https://www.moa.gov.cn/ztzl/szcpxx/jdsj/2022/202205/
hog_farm,生猪出场价格 · 发改委,价格,2022-06,17.15,元/公斤,月度,原表,2022年6月份全国生猪出场价格（元/公斤）,3.9%,7.7%,https://www.moa.gov.cn/ztzl/szcpxx/jdsj/2022/202206/
hog_farm,生猪出场价格 · 发改委,价格,2022-07,22.55,元/公斤,月度,原表,2022年7月份全国生猪出场价格（元/公斤）,37.2%,31.5%,https://www.moa.gov.cn/ztzl/szcpxx/jdsj/2022/202207/
hog_farm,生猪出场价格 · 发改委,价格,2022-09,24.12,元/公斤,月度,原表,2022年9月份全国生猪出场价格（元/公斤）,73.7%,8.1%,https://www.moa.gov.cn/ztzl/szcpxx/jdsj/2022/202209/
hog_farm,生猪出场价格 · 发改委,价格,2022-10,27.39,元/公斤,月度,原表,2022年10月份全国生猪出场价格（元/公斤）,91.3%,13.6%,https://www.moa.gov.cn/ztzl/szcpxx/jdsj/2022/202210/
hog_farm,生猪出场价格 · 发改委,价格,2022-11,25.7,元/公斤,月度,原表,2022年11月份全国生猪出场价格（元/公斤）,43.7%,-6.2%,https://www.moa.gov.cn/ztzl/szcpxx/jdsj/2022/202211/
hog_farm,生猪出场价格 · 发改委,价格,2022-12,20.93,元/公斤,月度,原表,2022年12月份全国生猪出场价格（元/公斤）,16.6%,-18.6%,https://www.moa.gov.cn/ztzl/szcpxx/jdsj/2022/202212/
hog_farm,生猪出场价格 · 发改委,价格,2023-01,16.83,元/公斤,月度,原表,2023年1月份全国生猪出场价格（元/公斤）,6.0%,-19.6%,https://www.moa.gov.cn/ztzl/szcpxx/jdsj/2023/202301/
hog_farm,生猪出场价格 · 发改委,价格,2023-02,14.9,元/公斤,月度,原表,2023年2月份全国生猪出场价格（元/公斤）,5.2%,-11.5%,https://www.moa.gov.cn/ztzl/szcpxx/jdsj/2023/202302/
hog_farm,生猪出场价格 · 发改委,价格,2023-03,15.54,元/公斤,月度,原表,2023年3月份全国生猪出场价格（元/公斤）,16.5%,4.3%,https://www.moa.gov.cn/ztzl/szcpxx/jdsj/2023/202303/
hog_farm,生猪出场价格 · 发改委,价格,2023-04,14.61,元/公斤,月度,官方表转载,2023年4月份全国生猪出场价格（元/公斤）,3.9%,-6.0%,https://m.boyar.cn/article/1170068.html
hog_farm,生猪出场价格 · 发改委,价格,2023-05,14.47,元/公斤,月度,官方表转载,2023年5月份全国生猪出场价格（元/公斤）,-9.1%,-1.0%,https://m.boyar.cn/article/1172606.html
hog_farm,生猪出场价格 · 发改委,价格,2023-06,14.3,元/公斤,月度,原表,2023年6月份全国生猪出场价格（元/公斤）,-16.6%,-1.2%,https://www.moa.gov.cn/ztzl/szcpxx/jdsj/2023/202306/
hog_farm,生猪出场价格 · 发改委,价格,2023-07,14.26,元/公斤,月度,官方表转载,2023年7月份全国生猪出场价格（元/公斤）,-36.8%,-0.3%,https://m.boyar.cn/article/1177887.html
hog_farm,生猪出场价格 · 发改委,价格,2023-08,17.11,元/公斤,月度,原表,2023年8月份全国生猪出场价格（元/公斤）,-23.3%,20.0%,https://www.moa.gov.cn/ztzl/szcpxx/jdsj/2023/202308/
hog_farm,生猪出场价格 · 发改委,价格,2023-09,16.76,元/公斤,月度,原表,2023年9月份全国生猪出场价格（元/公斤）,-30.5%,-2.0%,https://www.moa.gov.cn/ztzl/szcpxx/jdsj/2023/202309/
hog_farm,生猪出场价格 · 发改委,价格,2023-12,14.69,元/公斤,月度,原表,2023年12月份全国生猪出场价格（元/公斤）,-29.8%,-2.0%,https://www.moa.gov.cn/ztzl/szcpxx/jdsj/2023/202312/
hog_farm,生猪出场价格 · 发改委,价格,2024-01,14.63,元/公斤,月度,原表,2024年1月份全国生猪出场价格（元/公斤）,-13.1%,-0.4%,https://www.moa.gov.cn/ztzl/szcpxx/jdsj/2024/202401/
hog_farm,生猪出场价格 · 发改委,价格,2024-03,14.85,元/公斤,月度,原表,2024年3月份全国生猪出场价格（元/公斤）,-4.4%,-0.8%,https://www.moa.gov.cn/ztzl/szcpxx/jdsj/2024/202403/
hog_farm,生猪出场价格 · 发改委,价格,2024-04,15.38,元/公斤,月度,原表,2024年4月份全国生猪出场价格（元/公斤）,5.3%,3.6%,https://www.moa.gov.cn/ztzl/szcpxx/jdsj/2024/202404/
hog_farm,生猪出场价格 · 发改委,价格,2024-06,18.36,元/公斤,月度,原表,2024年6月份全国生猪出场价格（元/公斤）,28.4%,16.3%,https://www.moa.gov.cn/ztzl/szcpxx/jdsj/2024/202406/
hog_farm,生猪出场价格 · 发改委,价格,2024-07,18.93,元/公斤,月度,原表,2024年7月份全国生猪出场价格（元/公斤）,32.7%,3.1%,https://www.moa.gov.cn/ztzl/szcpxx/jdsj/2024/202407/
hog_farm,生猪出场价格 · 发改委,价格,2024-08,20.63,元/公斤,月度,官方表转载,2024年8月份全国生猪出场价格（元/公斤）,20.6%,9.0%,https://www.boyar.cn/article/1210747.html
hog_farm,生猪出场价格 · 发改委,价格,2024-09,19.68,元/公斤,月度,原表,2024年9月份全国生猪出场价格（元/公斤）,17.4%,-4.6%,https://www.moa.gov.cn/ztzl/szcpxx/jdsj/2024/202409/
hog_farm,生猪出场价格 · 发改委,价格,2024-10,18.14,元/公斤,月度,原表,2024年10月份全国生猪出场价格（元/公斤）,15.0%,-7.8%,https://www.moa.gov.cn/ztzl/szcpxx/jdsj/2024/202410/
hog_farm,生猪出场价格 · 发改委,价格,2024-11,17.2,元/公斤,月度,官方表转载,2024年11月份全国生猪出场价格（元/公斤）,14.7%,-5.2%,https://www.boyar.cn/article/1217874.html
hog_farm,生猪出场价格 · 发改委,价格,2024-12,16.46,元/公斤,月度,原表,2024年12月份全国生猪出场价格（元/公斤）,12.0%,-4.3%,https://www.moa.gov.cn/ztzl/szcpxx/jdsj/2024/202412/
hog_farm,生猪出场价格 · 发改委,价格,2025-01,16.41,元/公斤,月度,原表,2025年1月份全国生猪出场价格（元/公斤）,12.2%,-0.3%,https://www.moa.gov.cn/ztzl/szcpxx/jdsj/2025/202501/
hog_farm,生猪出场价格 · 发改委,价格,2025-02,15.77,元/公斤,月度,原表,2025年2月份全国生猪出场价格（元/公斤）,5.3%,-3.9%,https://www.moa.gov.cn/ztzl/szcpxx/jdsj/2025/202502/
hog_farm,生猪出场价格 · 发改委,价格,2025-03,15.2,元/公斤,月度,原表,2025年3月份全国生猪出场价格（元/公斤）,2.4%,-3.6%,https://www.moa.gov.cn/ztzl/szcpxx/jdsj/2025/202503/
hog_farm,生猪出场价格 · 发改委,价格,2025-04,15.06,元/公斤,月度,原表,2025年4月份全国生猪出场价格（元/公斤）,-2.1%,-0.9%,https://www.moa.gov.cn/ztzl/szcpxx/jdsj/2025/202504/
hog_farm,生猪出场价格 · 发改委,价格,2025-05,14.92,元/公斤,月度,原表,2025年5月份全国生猪出场价格（元/公斤）,-5.4%,-0.9%,https://www.moa.gov.cn/ztzl/szcpxx/jdsj/2025/202505/
hog_farm,生猪出场价格 · 发改委,价格,2025-06,14.57,元/公斤,月度,原表,2025年6月份全国生猪出场价格（元/公斤）,-20.6%,-2.3%,https://www.moa.gov.cn/ztzl/szcpxx/jdsj/2025/202506/
hog_farm,生猪出场价格 · 发改委,价格,2025-08,14.23,元/公斤,月度,官方表转载,2025年8月份全国生猪出场价格（元/公斤）,-31.0%,-4.1%,https://z.nxin.com/Home/InfoDetail/1480689
hog_farm,生猪出场价格 · 发改委,价格,2025-09,13.78,元/公斤,月度,官方表转载,2025年9月份全国生猪出场价格（元/公斤）,-30.0%,-3.2%,https://m.boyar.cn/article/1241943.html
hog_farm,生猪出场价格 · 发改委,价格,2025-10,12.27,元/公斤,月度,官方表转载,2025年10月份全国生猪出场价格（元/公斤）,-32.4%,-11.0%,https://www.boyar.cn/article/1244270.html
hog_farm,生猪出场价格 · 发改委,价格,2025-12,11.99,元/公斤,月度,官方表转载,2025年12月份全国生猪出场价格（元/公斤）,-27.2%,-2.8%,https://www.boyar.cn/article/1248731.html
hog_farm,生猪出场价格 · 发改委,价格,2026-08,11.01,元/公斤,月度,原表,2026年8月份全国生猪出场价格（元/公斤）,-22.6%,2.2%,https://www.moa.gov.cn/ztzl/szcpxx/jdsj/2026/202608/
hog_ppi,生猪生产者价格同比,价格,2021-12,-35.1,%,年度,原表,年度值；历年原始发布版本可能存在后续修订。,,,https://www.stats.gov.cn/sj/sjjd/202302/t20230202_1896581.html
hog_ppi,生猪生产者价格同比,价格,2022-12,-9.8,%,年度,原表,年度值；历年原始发布版本可能存在后续修订。,,,https://www.stats.gov.cn/zt_18555/zthd/lhfw/2023/sjjd/202302/t20230219_1913352.html
hog_ppi,生猪生产者价格同比,价格,2023-12,-14.0,%,年度,原表,年度值；历年原始发布版本可能存在后续修订。,,,https://www.stats.gov.cn/xxgk/jd/sjjd2020/202401/t20240118_1946723.html
hog_ppi,生猪生产者价格同比,价格,2024-12,9.0,%,年度,原表,年度值；历年原始发布版本可能存在后续修订。,,,https://www.stats.gov.cn/xxgk/jd/sjjd2020/202501/t20250117_1958344.html
hog_ppi,生猪生产者价格同比,价格,2025-12,-11.2,%,年度,原表,年度值；历年原始发布版本可能存在后续修订。,,,https://www.stats.gov.cn/sj/zxfbhjd/202601/t20260119_1962332.html
imports,进口猪肉量,贸易,2021-08,27.88,万吨,月度,官方表转载,2021年8月进口猪肉（万吨）,-20.6%,-20.7%,https://www.cpcti.com/hangqing/110033.html
imports,进口猪肉量,贸易,2021-12,16.71,万吨,月度,原表,2021年12月进口猪肉（万吨）,-62.0%,-17.9%,https://www.moa.gov.cn/ztzl/szcpxx/jdsj/2021/202112/
imports,进口猪肉量,贸易,2022-02,12.76,万吨,月度,原表,2022年2月进口猪肉（万吨）,-60.4%,-15.3%,https://www.moa.gov.cn/ztzl/szcpxx/jdsj/2022/202202/
imports,进口猪肉量,贸易,2022-03,13.76,万吨,月度,原表,2022年3月进口猪肉（万吨）,-70.0%,7.9%,https://www.moa.gov.cn/ztzl/szcpxx/jdsj/2022/202203/
imports,进口猪肉量,贸易,2022-04,14.0,万吨,月度,原表,2022年4月进口猪肉（万吨）,-67.6%,1.8%,https://www.moa.gov.cn/ztzl/szcpxx/jdsj/2022/202204/
imports,进口猪肉量,贸易,2022-05,12.57,万吨,月度,原表,2022年5月进口猪肉（万吨）,-65.7%,-10.2%,https://www.moa.gov.cn/ztzl/szcpxx/jdsj/2022/202205/
imports,进口猪肉量,贸易,2022-06,12.34,万吨,月度,原表,2022年6月进口猪肉（万吨）,-64.2%,-1.8%,https://www.moa.gov.cn/ztzl/szcpxx/jdsj/2022/202206/
imports,进口猪肉量,贸易,2022-07,12.26,万吨,月度,原表,2022年7月进口猪肉（万吨）,-65.1%,-0.6%,https://www.moa.gov.cn/ztzl/szcpxx/jdsj/2022/202207/
imports,进口猪肉量,贸易,2022-09,15.37,万吨,月度,原表,2022年9月份进口猪肉（万吨）,-26.5%,10.3%,https://www.moa.gov.cn/ztzl/szcpxx/jdsj/2022/202209/
imports,进口猪肉量,贸易,2022-10,15.65,万吨,月度,原表,2022年10月进口猪肉（万吨）,-20.6%,1.8%,https://www.moa.gov.cn/ztzl/szcpxx/jdsj/2022/202210/
imports,进口猪肉量,贸易,2022-11,18.09,万吨,月度,原表,2022年11月进口猪肉（万吨）,-11.0%,15.6%,https://www.moa.gov.cn/ztzl/szcpxx/jdsj/2022/202211/
imports,进口猪肉量,贸易,2022-12,20.05,万吨,月度,原表,2022年12月进口猪肉（万吨）,20.1%,10.8%,https://www.moa.gov.cn/ztzl/szcpxx/jdsj/2022/202212/
imports,进口猪肉量,贸易,2023-02,16.22,万吨,月度,原表,2023年2月进口猪肉（万吨）,27.2%,-24.7%,https://www.moa.gov.cn/ztzl/szcpxx/jdsj/2023/202302/
imports,进口猪肉量,贸易,2023-03,15.27,万吨,月度,原表,2023年3月进口猪肉（万吨）,11.2%,-5.8%,https://www.moa.gov.cn/ztzl/szcpxx/jdsj/2023/202303/
imports,进口猪肉量,贸易,2023-04,13.53,万吨,月度,官方表转载,2023年4月进口猪肉（万吨）,-3.3%,-11.4%,https://m.boyar.cn/article/1170068.html
imports,进口猪肉量,贸易,2023-05,14.26,万吨,月度,官方表转载,2023年5月进口猪肉（万吨）,13.5%,5.4%,https://m.boyar.cn/article/1172606.html
imports,进口猪肉量,贸易,2023-06,12.88,万吨,月度,原表,2023年6月份进口猪肉（万吨）,4.5%,-9.7%,https://www.moa.gov.cn/ztzl/szcpxx/jdsj/2023/202306/
imports,进口猪肉量,贸易,2023-07,12.18,万吨,月度,官方表转载,2023年7月进口猪肉（万吨）,-0.6%,-5.5%,https://m.boyar.cn/article/1177887.html
imports,进口猪肉量,贸易,2023-08,10.99,万吨,月度,原表,2023年8月进口猪肉（万吨）,-21.1%,-9.8%,https://www.moa.gov.cn/ztzl/szcpxx/jdsj/2023/202308/
imports,进口猪肉量,贸易,2023-09,10.5,万吨,月度,原表,2023年9月进口猪肉（万吨）,-31.7%,-4.4%,https://www.moa.gov.cn/ztzl/szcpxx/jdsj/2023/202309/
imports,进口猪肉量,贸易,2023-12,9.16,万吨,月度,原表,2023年12月进口猪肉（万吨）,-54.3%,-2.4%,https://www.moa.gov.cn/ztzl/szcpxx/jdsj/2023/202312/
imports,进口猪肉量,贸易,2024-03,9.27,万吨,月度,原表,2024年3月进口猪肉（万吨）,-39.3%,31.8%,https://www.moa.gov.cn/ztzl/szcpxx/jdsj/2024/202403/
imports,进口猪肉量,贸易,2024-04,8.69,万吨,月度,原表,2024年4月进口猪肉（万吨）,-35.7%,-6.2%,https://www.moa.gov.cn/ztzl/szcpxx/jdsj/2024/202404/
imports,进口猪肉量,贸易,2024-06,8.56,万吨,月度,原表,2024年6月进口猪肉（万吨）,-33.5%,2.0%,https://www.moa.gov.cn/ztzl/szcpxx/jdsj/2024/202406/
imports,进口猪肉量,贸易,2024-07,8.89,万吨,月度,原表,2024年7月进口猪肉（万吨）,-27.0%,3.8%,https://www.moa.gov.cn/ztzl/szcpxx/jdsj/2024/202407/
imports,进口猪肉量,贸易,2024-08,9.34,万吨,月度,官方表转载,2024年8月进口猪肉（万吨）,-15.0%,5.1%,https://www.boyar.cn/article/1210747.html
imports,进口猪肉量,贸易,2024-09,10.35,万吨,月度,原表,2024年9月进口猪肉（万吨）,-1.4%,10.9%,https://www.moa.gov.cn/ztzl/szcpxx/jdsj/2024/202409/
imports,进口猪肉量,贸易,2024-10,9.02,万吨,月度,原表,2024年10月进口猪肉（万吨）,-1.6%,-12.8%,https://www.moa.gov.cn/ztzl/szcpxx/jdsj/2024/202410/
imports,进口猪肉量,贸易,2024-11,9.27,万吨,月度,官方表转载,2024年11月进口猪肉（万吨）,-1.2%,2.7%,https://www.boyar.cn/article/1217874.html
imports,进口猪肉量,贸易,2024-12,9.16,万吨,月度,原表,2024年12月进口猪肉（万吨）,0.0%,-1.1%,https://www.moa.gov.cn/ztzl/szcpxx/jdsj/2024/202412/
imports,进口猪肉量,贸易,2025-02,8.35,万吨,月度,原表,2025年2月进口猪肉（万吨）,18.8%,-16.9%,https://www.moa.gov.cn/ztzl/szcpxx/jdsj/2025/202502/
imports,进口猪肉量,贸易,2025-03,9.15,万吨,月度,原表,2025年3月进口猪肉（万吨）,-1.2%,9.6%,https://www.moa.gov.cn/ztzl/szcpxx/jdsj/2025/202503/
imports,进口猪肉量,贸易,2025-04,8.07,万吨,月度,原表,2025年4月进口猪肉（万吨）,-7.1%,-11.8%,https://www.moa.gov.cn/ztzl/szcpxx/jdsj/2025/202504/
imports,进口猪肉量,贸易,2025-05,9.38,万吨,月度,原表,2025年5月进口猪肉（万吨）,11.7%,16.2%,https://www.moa.gov.cn/ztzl/szcpxx/jdsj/2025/202505/
imports,进口猪肉量,贸易,2025-06,8.85,万吨,月度,原表,2025年6月进口猪肉（万吨）,3.4%,-5.6%,https://www.moa.gov.cn/ztzl/szcpxx/jdsj/2025/202506/
imports,进口猪肉量,贸易,2025-08,8.17,万吨,月度,官方表转载,2025年8月进口猪肉（万吨）,-12.5%,-7.5%,https://z.nxin.com/Home/InfoDetail/1480689
imports,进口猪肉量,贸易,2025-09,8.01,万吨,月度,官方表转载,2025年9月进口猪肉（万吨）,-22.5%,-2.0%,https://m.boyar.cn/article/1241943.html
imports,进口猪肉量,贸易,2025-10,7.11,万吨,月度,官方表转载,2025年10月进口猪肉（万吨）,-21.1%,-11.1%,https://www.boyar.cn/article/1244270.html
imports,进口猪肉量,贸易,2025-12,5.64,万吨,月度,官方表转载,2025年12月进口猪肉（万吨）,-38.4%,-7.2%,https://www.boyar.cn/article/1248731.html
imports,进口猪肉量,贸易,2026-08,5.72,万吨,月度,原表,2026年8月进口猪肉（万吨）,-28.9%,-5.3%,https://www.moa.gov.cn/ztzl/szcpxx/jdsj/2026/202608/
imports_annual,进口猪肉 · 全年,贸易,2021-12,371.06,万吨,年度,原表,,,,https://www.moa.gov.cn/ztzl/szcpxx/jdsj/2021/202112/
imports_annual,进口猪肉 · 全年,贸易,2022-12,175.79,万吨,年度,原表,,,,https://www.moa.gov.cn/ztzl/szcpxx/jdsj/2022/202212/
imports_annual,进口猪肉 · 全年,贸易,2023-12,155.1,万吨,年度,原表,,,,https://www.moa.gov.cn/ztzl/szcpxx/jdsj/2023/202312/
imports_annual,进口猪肉 · 全年,贸易,2024-12,107.31,万吨,年度,原表,,,,https://www.moa.gov.cn/ztzl/szcpxx/jdsj/2024/202412/
imports_annual,进口猪肉 · 全年,贸易,2025-12,97.58,万吨,年度,官方表转载,,,,https://www.boyar.cn/article/1248731.html
income_annual,居民人均可支配收入,需求,2021-12,35128,元/人/年,年度,原表,,,,https://www.stats.gov.cn/sj/zxfb/202302/t20230203_1901393.html
income_annual,居民人均可支配收入,需求,2022-12,36883,元/人/年,年度,原表,,,,https://www.stats.gov.cn/sj/zxfb/202302/t20230203_1901715.html
income_annual,居民人均可支配收入,需求,2023-12,39218,元/人/年,年度,原表,,,,https://www.stats.gov.cn/sj/zxfb/202401/t20240116_1946622.html
income_annual,居民人均可支配收入,需求,2024-12,41314,元/人/年,年度,原表,,,,https://www.stats.gov.cn/sj/zxfb/202502/t20250228_1958817.html
income_annual,居民人均可支配收入,需求,2025-12,43377,元/人/年,年度,原表,,,,https://www.stats.gov.cn/sj/zxfb/202601/t20260119_1962321.html
industrialfeed_annual,全年工业饲料总产量,成本,2021-12,29344.3,万吨,年度,原表,年度原始发布值；2023、2024报告网页迁移至2026目录。,,,https://www.nahs.org.cn/dt/xwlb/202202/t20220211_397140.htm
industrialfeed_annual,全年工业饲料总产量,成本,2022-12,30223.4,万吨,年度,原表,年度原始发布值；2023、2024报告网页迁移至2026目录。,,,https://www.chinafeed.org.cn/hyfx/hyfx_erji/202302/t20230214_418333.htm
industrialfeed_annual,全年工业饲料总产量,成本,2023-12,32162.7,万吨,年度,原表,年度原始发布值；2023、2024报告网页迁移至2026目录。,,,https://www.chinafeed.org.cn/hyfx/cyhg/202606/t20260617_472824.htm
industrialfeed_annual,全年工业饲料总产量,成本,2024-12,31503.1,万吨,年度,原表,年度原始发布值；2023、2024报告网页迁移至2026目录。,,,https://www.chinafeed.org.cn/hyfx/cyhg/202606/t20260617_472819.htm
industrialfeed_annual,全年工业饲料总产量,成本,2025-12,34225.3,万吨,年度,原表,年度原始发布值；2023、2024报告网页迁移至2026目录。,,,https://www.chinafeed.org.cn/hyfx/202602/t20260209_469703.htm
inventory,生猪存栏,供给,2021-12,44922.0,万头,季度,原表,2021年4季度末生猪存栏（万头）,10.5%,2.6%,https://www.moa.gov.cn/ztzl/szcpxx/jdsj/2021/202112/
inventory,生猪存栏,供给,2022-03,42253.0,万头,季度,原表,2022年1季度末生猪存栏（万头）,1.6%,-5.9%,https://www.moa.gov.cn/ztzl/szcpxx/jdsj/2022/202203/
inventory,生猪存栏,供给,2022-06,43057.0,万头,季度,原表,2022年2季度末生猪存栏（万头）,-1.9%,1.9%,https://www.moa.gov.cn/ztzl/szcpxx/jdsj/2022/202206/
inventory,生猪存栏,供给,2022-09,44394.0,万头,季度,原表,2022年3季度末生猪存栏（万头）,1.4%,3.1%,https://www.moa.gov.cn/ztzl/szcpxx/jdsj/2022/202209/
inventory,生猪存栏,供给,2022-12,45256.0,万头,季度,原表,2022年4季度末生猪存栏（万头）,0.7%,1.9%,https://www.moa.gov.cn/ztzl/szcpxx/jdsj/2022/202212/
inventory,生猪存栏,供给,2023-03,43094.0,万头,季度,原表,2023年1季度末生猪存栏（万头）,2.0%,-4.8%,https://www.moa.gov.cn/ztzl/szcpxx/jdsj/2023/202303/
inventory,生猪存栏,供给,2023-06,43517.0,万头,季度,原表,2023年2季度末生猪存栏（万头）,1.1%,1.0%,https://www.moa.gov.cn/ztzl/szcpxx/jdsj/2023/202306/
inventory,生猪存栏,供给,2023-09,44229.0,万头,季度,原表,2023年三季度末生猪存栏（万头）,-0.4%,1.6%,https://www.moa.gov.cn/ztzl/szcpxx/jdsj/2023/202309/
inventory,生猪存栏,供给,2023-12,43422.0,万头,季度,原表,2023年4季度末生猪存栏（万头）,-4.1%,-1.8%,https://www.moa.gov.cn/ztzl/szcpxx/jdsj/2023/202312/
inventory,生猪存栏,供给,2024-03,40850.0,万头,季度,原表,2024年1季度末生猪存栏（万头）,-5.2%,-5.9%,https://www.moa.gov.cn/ztzl/szcpxx/jdsj/2024/202403/
inventory,生猪存栏,供给,2024-06,41533.0,万头,季度,原表,2024年2季度末生猪存栏（万头）,-4.6%,1.7%,https://www.moa.gov.cn/ztzl/szcpxx/jdsj/2024/202406/
inventory,生猪存栏,供给,2024-09,42694.0,万头,季度,原表,2024年3季度末生猪存栏（万头）,-3.5%,2.8%,https://www.moa.gov.cn/ztzl/szcpxx/jdsj/2024/202409/
inventory,生猪存栏,供给,2024-12,42743.0,万头,季度,原表,2024年4季度末生猪存栏（万头）,-1.6%,0.1%,https://www.moa.gov.cn/ztzl/szcpxx/jdsj/2024/202412/
inventory,生猪存栏,供给,2025-03,41731.0,万头,季度,原表,2025年1季度末生猪存栏（万头）,2.2%,-2.4%,https://www.moa.gov.cn/ztzl/szcpxx/jdsj/2025/202503/
inventory,生猪存栏,供给,2025-06,42447.0,万头,季度,原表,2025年2季度末生猪存栏（万头）,2.2%,1.7%,https://www.moa.gov.cn/ztzl/szcpxx/jdsj/2025/202506/
inventory,生猪存栏,供给,2025-09,43680.0,万头,季度,官方表转载,2025年3季度末生猪存栏（万头）,2.3%,2.9%,https://m.boyar.cn/article/1241943.html
inventory,生猪存栏,供给,2025-12,42967.0,万头,季度,官方表转载,2025年4季度末生猪存栏（万头）,0.5%,-1.6%,https://www.boyar.cn/article/1248731.html
inventory,生猪存栏,供给,2026-06,42491.0,万头,季度,原表,2026年上半年；存栏为二季度末值，出栏及产量为1—6月累计。,0.1%,,https://www.stats.gov.cn/sj/sjjd/202607/t20260716_1964140.html
inventory_annual,年末生猪存栏,供给,2021-12,44922.0,万头,年度,原表,年度值；历年原始发布版本可能存在后续修订。,,,https://www.stats.gov.cn/sj/sjjd/202302/t20230202_1896581.html
inventory_annual,年末生猪存栏,供给,2022-12,45256.0,万头,年度,原表,年度值；历年原始发布版本可能存在后续修订。,,,https://www.stats.gov.cn/zt_18555/zthd/lhfw/2023/sjjd/202302/t20230219_1913352.html
inventory_annual,年末生猪存栏,供给,2023-12,43422.0,万头,年度,原表,年度值；历年原始发布版本可能存在后续修订。,,,https://www.stats.gov.cn/xxgk/jd/sjjd2020/202401/t20240118_1946723.html
inventory_annual,年末生猪存栏,供给,2024-12,42743.0,万头,年度,原表,年度值；历年原始发布版本可能存在后续修订。,,,https://www.stats.gov.cn/xxgk/jd/sjjd2020/202501/t20250117_1958344.html
inventory_annual,年末生猪存栏,供给,2025-12,42967.0,万头,年度,原表,年度值；历年原始发布版本可能存在后续修订。,,,https://www.stats.gov.cn/sj/zxfbhjd/202601/t20260119_1962332.html
lamb,羊肉集贸价格,需求,2021-01,85.87,元/公斤,月度,原表,,,,https://www.nahs.org.cn/jcyj/jghq/202102/t20210226_371604.htm
lamb,羊肉集贸价格,需求,2021-02,87.5,元/公斤,月度,原表,,,,https://www.nahs.org.cn/jcyj/jghq/202104/t20210422_376775.htm
lamb,羊肉集贸价格,需求,2021-03,86.12,元/公斤,月度,原表,,,,https://www.nahs.org.cn/jcyj/jghq/202104/t20210422_376773.htm
lamb,羊肉集贸价格,需求,2021-04,85.42,元/公斤,月度,原表,,,,https://www.nahs.org.cn/jcyj/jghq/202105/t20210521_378849.htm
lamb,羊肉集贸价格,需求,2021-05,85.11,元/公斤,月度,原表,,,,https://www.nahs.org.cn/jcyj/jghq/202106/t20210630_381746.htm
lamb,羊肉集贸价格,需求,2021-06,83.91,元/公斤,月度,原表,,,,https://www.nahs.org.cn/jcyj/jghq/202109/t20210901_386328.htm
lamb,羊肉集贸价格,需求,2021-07,82.33,元/公斤,月度,原表,,,,https://www.nahs.org.cn/jcyj/jghq/202109/t20210902_386392.htm
lamb,羊肉集贸价格,需求,2022-01,85.22,元/公斤,月度,原表,,,,https://www.nahs.org.cn/jcyj/jghq/202203/t20220307_398774.htm
lamb,羊肉集贸价格,需求,2022-02,85.41,元/公斤,月度,原表,,,,https://www.nahs.org.cn/jcyj/jghq/202203/t20220307_398775.htm
lamb,羊肉集贸价格,需求,2023-03,81.62,元/公斤,月度,原表同期值,来自原表“去年同期”栏，不是反推或插值,,,https://www.nahs.org.cn/jcyj/scxs/202405/t20240509_440895.htm
lamb,羊肉集贸价格,需求,2023-04,81.1,元/公斤,月度,原表同期值,来自原表“去年同期”栏，不是反推或插值,,,https://www.nahs.org.cn/jcyj/scxs/202405/t20240520_441295.htm
lamb,羊肉集贸价格,需求,2023-05,80.58,元/公斤,月度,原表同期值,来自原表“去年同期”栏，不是反推或插值,,,https://www.nahs.org.cn/jcyj/scxs/202406/t20240624_443125.htm
lamb,羊肉集贸价格,需求,2023-06,79.41,元/公斤,月度,原表同期值,来自原表“去年同期”栏，不是反推或插值,,,https://www.nahs.org.cn/jcyj/scxs/202407/t20240719_444687.htm
lamb,羊肉集贸价格,需求,2023-07,77.94,元/公斤,月度,原表同期值,来自原表“去年同期”栏，不是反推或插值,,,https://www.nahs.org.cn/jcyj/scxs/202408/t20240822_445999.htm
lamb,羊肉集贸价格,需求,2023-08,77.98,元/公斤,月度,原表同期值,来自原表“去年同期”栏，不是反推或插值,,,https://www.nahs.org.cn/jcyj/scxs/202409/t20240923_447237.htm
lamb,羊肉集贸价格,需求,2023-09,78.16,元/公斤,月度,原表同期值,来自原表“去年同期”栏，不是反推或插值,,,https://www.nahs.org.cn/jcyj/scxs/202410/t20241011_447899.htm
lamb,羊肉集贸价格,需求,2023-12,77.25,元/公斤,月度,原表同期值,来自原表“去年同期”栏，不是反推或插值,,,https://www.nahs.org.cn/jcyj/scxs/202501/t20250113_452086.htm
lamb,羊肉集贸价格,需求,2024-01,76.89,元/公斤,月度,原表同期值,来自原表“去年同期”栏，不是反推或插值,,,https://www.nahs.org.cn/jcyj/scxs/202502/t20250217_453025.htm
lamb,羊肉集贸价格,需求,2024-02,77.26,元/公斤,月度,原表上月值,来自原表“上月”栏,,,https://www.nahs.org.cn/jcyj/scxs/202405/t20240509_440895.htm
lamb,羊肉集贸价格,需求,2024-03,76.0,元/公斤,月度,原表,,,,https://www.nahs.org.cn/jcyj/scxs/202405/t20240509_440895.htm
lamb,羊肉集贸价格,需求,2024-04,74.58,元/公斤,月度,原表,,,,https://www.nahs.org.cn/jcyj/scxs/202405/t20240520_441295.htm
lamb,羊肉集贸价格,需求,2024-05,72.73,元/公斤,月度,原表,,,,https://www.nahs.org.cn/jcyj/scxs/202406/t20240624_443125.htm
lamb,羊肉集贸价格,需求,2024-06,71.34,元/公斤,月度,原表,,,,https://www.nahs.org.cn/jcyj/scxs/202407/t20240719_444687.htm
lamb,羊肉集贸价格,需求,2024-07,70.69,元/公斤,月度,原表,,,,https://www.nahs.org.cn/jcyj/scxs/202408/t20240822_445999.htm
lamb,羊肉集贸价格,需求,2024-08,70.31,元/公斤,月度,原表,,,,https://www.nahs.org.cn/jcyj/scxs/202409/t20240923_447237.htm
lamb,羊肉集贸价格,需求,2024-09,70.31,元/公斤,月度,原表,,,,https://www.nahs.org.cn/jcyj/scxs/202410/t20241011_447899.htm
lamb,羊肉集贸价格,需求,2024-10,70.02,元/公斤,月度,原表同期值,来自原表“去年同期”栏，不是反推或插值,,,https://www.nahs.org.cn/jcyj/scxs/202511/t20251118_467768.htm
lamb,羊肉集贸价格,需求,2024-11,69.93,元/公斤,月度,原表上月值,来自原表“上月”栏,,,https://www.nahs.org.cn/jcyj/scxs/202501/t20250113_452086.htm
lamb,羊肉集贸价格,需求,2024-12,69.92,元/公斤,月度,原表,,,,https://www.nahs.org.cn/jcyj/scxs/202501/t20250113_452086.htm
lamb,羊肉集贸价格,需求,2025-01,70.14,元/公斤,月度,原表,,,,https://www.nahs.org.cn/jcyj/scxs/202502/t20250217_453025.htm
lamb,羊肉集贸价格,需求,2025-02,70.14,元/公斤,月度,原表,,,,https://www.nahs.org.cn/jcyj/scxs/202503/t20250325_454805.htm
lamb,羊肉集贸价格,需求,2025-03,69.41,元/公斤,月度,原表,,,,https://www.nahs.org.cn/jcyj/scxs/202504/t20250424_456191.htm
lamb,羊肉集贸价格,需求,2025-04,69.45,元/公斤,月度,原表,,,,https://www.nahs.org.cn/jcyj/scxs/202505/t20250514_456937.htm
lamb,羊肉集贸价格,需求,2025-05,69.54,元/公斤,月度,原表,,,,https://www.nahs.org.cn/jcyj/scxs/202506/t20250616_460894.htm
lamb,羊肉集贸价格,需求,2025-06,69.26,元/公斤,月度,原表,,,,https://www.nahs.org.cn/jcyj/scxs/202508/t20250804_463227.htm
lamb,羊肉集贸价格,需求,2025-07,68.87,元/公斤,月度,原表,,,,https://www.nahs.org.cn/jcyj/scxs/202508/t20250818_463512.htm
lamb,羊肉集贸价格,需求,2025-08,68.89,元/公斤,月度,原表,,,,https://www.nahs.org.cn/jcyj/scxs/202509/t20250923_464888.htm
lamb,羊肉集贸价格,需求,2025-09,69.59,元/公斤,月度,原表,,,,https://www.nahs.org.cn/jcyj/scxs/202510/t20251015_465668.htm
lamb,羊肉集贸价格,需求,2025-10,70.6,元/公斤,月度,原表,,,,https://www.nahs.org.cn/jcyj/scxs/202511/t20251118_467768.htm
lamb,羊肉集贸价格,需求,2025-11,71.2,元/公斤,月度,原表,,,,https://www.nahs.org.cn/jcyj/scxs/202512/t20251217_468664.htm
lamb,羊肉集贸价格,需求,2025-12,71.63,元/公斤,月度,原表,,,,https://www.nahs.org.cn/jcyj/scxs/202601/t20260115_469255.htm
lamb,羊肉集贸价格,需求,2026-01,72.23,元/公斤,月度,原表,,,,https://www.nahs.org.cn/jcyj/scxs/202603/t20260324_470301.htm
lamb,羊肉集贸价格,需求,2026-02,73.69,元/公斤,月度,原表,,,,https://www.nahs.org.cn/jcyj/scxs/202603/t20260324_470302.htm
lamb,羊肉集贸价格,需求,2026-03,73.05,元/公斤,月度,原表,,,,https://www.nahs.org.cn/jcyj/scxs/202604/t20260410_471339.htm
lamb,羊肉集贸价格,需求,2026-04,72.57,元/公斤,月度,原表,,,,https://www.nahs.org.cn/jcyj/scxs/202605/t20260519_472251.htm
lamb,羊肉集贸价格,需求,2026-05,72.59,元/公斤,月度,原表,,,,https://www.nahs.org.cn/jcyj/scxs/202606/t20260617_472822.htm
lamb,羊肉集贸价格,需求,2026-06,72.67,元/公斤,月度,原表,,,,https://www.nahs.org.cn/jcyj/scxs/202607/t20260708_473285.htm
lamb,羊肉集贸价格,需求,2026-07,72.79,元/公斤,月度,原表,,,,https://www.nahs.org.cn/jcyj/scxs/202608/t20260814_473946.htm
lamb,羊肉集贸价格,需求,2026-08,73.0,元/公斤,月度,原表,,,,https://www.nahs.org.cn/jcyj/scxs/202609/t20260909_474345.htm
lamb_annual,全年羊肉产量,需求,2021-12,514.0,万吨,年度,原表,年度值；历年原始发布版本可能存在后续修订。,,,https://www.stats.gov.cn/sj/sjjd/202302/t20230202_1896581.html
lamb_annual,全年羊肉产量,需求,2022-12,525.0,万吨,年度,原表,年度值；历年原始发布版本可能存在后续修订。,,,https://www.stats.gov.cn/zt_18555/zthd/lhfw/2023/sjjd/202302/t20230219_1913352.html
lamb_annual,全年羊肉产量,需求,2023-12,531.0,万吨,年度,原表,年度值；历年原始发布版本可能存在后续修订。,,,https://www.stats.gov.cn/xxgk/jd/sjjd2020/202401/t20240118_1946723.html
lamb_annual,全年羊肉产量,需求,2024-12,518.0,万吨,年度,原表,年度值；历年原始发布版本可能存在后续修订。,,,https://www.stats.gov.cn/xxgk/jd/sjjd2020/202501/t20250117_1958344.html
lamb_annual,全年羊肉产量,需求,2025-12,496.0,万吨,年度,原表,年度值；历年原始发布版本可能存在后续修订。,,,https://www.stats.gov.cn/sj/zxfbhjd/202601/t20260119_1962332.html
lean,精瘦肉零售价 · 36城,价格,2021-08,34.04,元/公斤,月度,官方表转载,2021年8月份36个大中城市猪肉（精瘦肉）零售价格（元/公斤）,-46.1%,-2.8%,https://www.cpcti.com/hangqing/110033.html
lean,精瘦肉零售价 · 36城,价格,2021-12,34.34,元/公斤,月度,原表,2021年12月份36个大中城市猪肉（精瘦肉）零售价格（元/公斤）,-39.8%,1.2%,https://www.moa.gov.cn/ztzl/szcpxx/jdsj/2021/202112/
lean,精瘦肉零售价 · 36城,价格,2022-01,33.32,元/公斤,月度,原表,2022年1月份36个大中城市猪肉（精瘦肉）零售价格（元/公斤）,-44.3%,-3.0%,https://www.moa.gov.cn/ztzl/szcpxx/jdsj/2022/202201/
lean,精瘦肉零售价 · 36城,价格,2022-02,32.24,元/公斤,月度,原表,2022年2月份36个大中城市猪肉（精瘦肉）零售价格（元/公斤）,-45.3%,-3.2%,https://www.moa.gov.cn/ztzl/szcpxx/jdsj/2022/202202/
lean,精瘦肉零售价 · 36城,价格,2022-03,29.78,元/公斤,月度,原表,2022年3月份36个大中城市猪肉（精瘦肉）零售价格（元/公斤）,-44.6%,-7.6%,https://www.moa.gov.cn/ztzl/szcpxx/jdsj/2022/202203/
lean,精瘦肉零售价 · 36城,价格,2022-04,29.6,元/公斤,月度,原表,2022年4月份36个大中城市猪肉（精瘦肉）零售价格（元/公斤）,-38.8%,-0.6%,https://www.moa.gov.cn/ztzl/szcpxx/jdsj/2022/202204/
lean,精瘦肉零售价 · 36城,价格,2022-05,30.94,元/公斤,月度,原表,2022年5月份36个大中城市猪肉（精瘦肉）零售价格（元/公斤）,-29.2%,4.5%,https://www.moa.gov.cn/ztzl/szcpxx/jdsj/2022/202205/
lean,精瘦肉零售价 · 36城,价格,2022-06,31.64,元/公斤,月度,原表,2022年6月份36个大中城市猪肉（精瘦肉）零售价格（元/公斤）,-15.2%,2.3%,https://www.moa.gov.cn/ztzl/szcpxx/jdsj/2022/202206/
lean,精瘦肉零售价 · 36城,价格,2022-07,38.94,元/公斤,月度,原表,2022年7月份36个大中城市猪肉（精瘦肉）零售价格（元/公斤）,11.2%,23.1%,https://www.moa.gov.cn/ztzl/szcpxx/jdsj/2022/202207/
lean,精瘦肉零售价 · 36城,价格,2022-09,41.44,元/公斤,月度,原表,2022年9月份36个大中城市猪肉（精瘦肉）零售价格（元/公斤）,28.5%,2.9%,https://www.moa.gov.cn/ztzl/szcpxx/jdsj/2022/202209/
lean,精瘦肉零售价 · 36城,价格,2022-10,44.0,元/公斤,月度,原表,2022年10月份36个大中城市猪肉（精瘦肉）零售价格（元/公斤）,42.3%,6.2%,https://www.moa.gov.cn/ztzl/szcpxx/jdsj/2022/202210/
lean,精瘦肉零售价 · 36城,价格,2022-11,45.6,元/公斤,月度,原表,2022年11月份36个大中城市猪肉（精瘦肉）零售价格（元/公斤）,34.4%,3.6%,https://www.moa.gov.cn/ztzl/szcpxx/jdsj/2022/202211/
lean,精瘦肉零售价 · 36城,价格,2022-12,43.0,元/公斤,月度,原表,2022年12月份36个大中城市猪肉（精瘦肉）零售价格（元/公斤）,25.2%,-5.7%,https://www.moa.gov.cn/ztzl/szcpxx/jdsj/2022/202212/
lean,精瘦肉零售价 · 36城,价格,2023-01,38.02,元/公斤,月度,原表,2023年1月份36个大中城市猪肉（精瘦肉）零售价格（元/公斤）,14.1%,-11.6%,https://www.moa.gov.cn/ztzl/szcpxx/jdsj/2023/202301/
lean,精瘦肉零售价 · 36城,价格,2023-02,34.32,元/公斤,月度,原表,2023年2月份36个大中城市猪肉（精瘦肉）零售价格（元/公斤）,6.5%,-9.7%,https://www.moa.gov.cn/ztzl/szcpxx/jdsj/2023/202302/
lean,精瘦肉零售价 · 36城,价格,2023-03,32.88,元/公斤,月度,原表,2023年3月份36个大中城市猪肉（精瘦肉）零售价格（元/公斤）,10.4%,-4.2%,https://www.moa.gov.cn/ztzl/szcpxx/jdsj/2023/202303/
lean,精瘦肉零售价 · 36城,价格,2023-04,31.4,元/公斤,月度,官方表转载,2023年4月份36个大中城市猪肉（精瘦肉）零售价格（元/公斤）,6.1%,-4.5%,https://m.boyar.cn/article/1170068.html
lean,精瘦肉零售价 · 36城,价格,2023-05,30.64,元/公斤,月度,官方表转载,2023年5月份36个大中城市猪肉（精瘦肉）零售价格（元/公斤）,-1.0%,-2.4%,https://m.boyar.cn/article/1172606.html
lean,精瘦肉零售价 · 36城,价格,2023-06,30.08,元/公斤,月度,原表,2023年6月份36个大中城市猪肉（精瘦肉）零售价格（元/公斤）,-4.9%,-1.8%,https://www.moa.gov.cn/ztzl/szcpxx/jdsj/2023/202306/
lean,精瘦肉零售价 · 36城,价格,2023-07,29.84,元/公斤,月度,官方表转载,2023年7月份36个大中城市猪肉（精瘦肉）零售价格（元/公斤）,-23.4%,-0.8%,https://m.boyar.cn/article/1177887.html
lean,精瘦肉零售价 · 36城,价格,2023-08,31.96,元/公斤,月度,原表,2023年8月份36个大中城市猪肉（精瘦肉）零售价格（元/公斤）,-20.7%,7.1%,https://www.moa.gov.cn/ztzl/szcpxx/jdsj/2023/202308/
lean,精瘦肉零售价 · 36城,价格,2023-09,32.38,元/公斤,月度,原表,2023年9月份36个大中城市猪肉（精瘦肉）零售价格（元/公斤）,-21.9%,1.3%,https://www.moa.gov.cn/ztzl/szcpxx/jdsj/2023/202309/
lean,精瘦肉零售价 · 36城,价格,2023-12,30.78,元/公斤,月度,原表,2023年12月份36个大中城市猪肉（精瘦肉）零售价格（元/公斤）,-28.4%,-1.2%,https://www.moa.gov.cn/ztzl/szcpxx/jdsj/2023/202312/
lean,精瘦肉零售价 · 36城,价格,2024-01,30.56,元/公斤,月度,原表,2024年1月份36个大中城市猪肉（精瘦肉）零售价格（元/公斤）,-19.6%,-0.7%,https://www.moa.gov.cn/ztzl/szcpxx/jdsj/2024/202401/
lean,精瘦肉零售价 · 36城,价格,2024-03,30.52,元/公斤,月度,原表,2024年3月份36个大中城市猪肉（精瘦肉）零售价格（元/公斤）,-7.2%,-3.6%,https://www.moa.gov.cn/ztzl/szcpxx/jdsj/2024/202403/
lean,精瘦肉零售价 · 36城,价格,2024-04,30.26,元/公斤,月度,原表,2024年4月份36个大中城市猪肉（精瘦肉）零售价格（元/公斤）,-3.6%,-0.9%,https://www.moa.gov.cn/ztzl/szcpxx/jdsj/2024/202404/
lean,精瘦肉零售价 · 36城,价格,2024-06,32.76,元/公斤,月度,原表,2024年6月份36个大中城市猪肉（精瘦肉）零售价格（元/公斤）,8.9%,8.0%,https://www.moa.gov.cn/ztzl/szcpxx/jdsj/2024/202406/
lean,精瘦肉零售价 · 36城,价格,2024-07,33.86,元/公斤,月度,原表,2024年7月份36个大中城市猪肉（精瘦肉）零售价格（元/公斤）,13.5%,3.4%,https://www.moa.gov.cn/ztzl/szcpxx/jdsj/2024/202407/
lean,精瘦肉零售价 · 36城,价格,2024-08,35.64,元/公斤,月度,官方表转载,2024年8月份36个大中城市猪肉（精瘦肉）零售价格（元/公斤）,11.5%,5.3%,https://www.boyar.cn/article/1210747.html
lean,精瘦肉零售价 · 36城,价格,2024-09,36.54,元/公斤,月度,原表,2024年9月份36个大中城市猪肉（精瘦肉）零售价格（元/公斤）,12.8%,2.5%,https://www.moa.gov.cn/ztzl/szcpxx/jdsj/2024/202409/
lean,精瘦肉零售价 · 36城,价格,2024-10,35.7,元/公斤,月度,原表,2024年10月份36个大中城市猪肉（精瘦肉）零售价格（元/公斤）,11.8%,-2.3%,https://www.moa.gov.cn/ztzl/szcpxx/jdsj/2024/202410/
lean,精瘦肉零售价 · 36城,价格,2024-11,34.84,元/公斤,月度,官方表转载,2024年11月份36个大中城市猪肉（精瘦肉）零售价格（元/公斤）,11.9%,-2.4%,https://www.boyar.cn/article/1217874.html
lean,精瘦肉零售价 · 36城,价格,2024-12,34.02,元/公斤,月度,原表,2024年12月份36个大中城市猪肉（精瘦肉）零售价格（元/公斤）,10.5%,-2.4%,https://www.moa.gov.cn/ztzl/szcpxx/jdsj/2024/202412/
lean,精瘦肉零售价 · 36城,价格,2025-01,33.78,元/公斤,月度,原表,2025年1月份36个大中城市猪肉（精瘦肉）零售价格（元/公斤）,10.5%,-0.7%,https://www.moa.gov.cn/ztzl/szcpxx/jdsj/2025/202501/
lean,精瘦肉零售价 · 36城,价格,2025-02,33.8,元/公斤,月度,原表,2025年2月份36个大中城市猪肉（精瘦肉）零售价格（元/公斤）,6.8%,0.1%,https://www.moa.gov.cn/ztzl/szcpxx/jdsj/2025/202502/
lean,精瘦肉零售价 · 36城,价格,2025-03,32.68,元/公斤,月度,原表,2025年3月份36个大中城市猪肉（精瘦肉）零售价格（元/公斤）,7.1%,-3.3%,https://www.moa.gov.cn/ztzl/szcpxx/jdsj/2025/202503/
lean,精瘦肉零售价 · 36城,价格,2025-04,32.16,元/公斤,月度,原表,2025年4月份36个大中城市猪肉（精瘦肉）零售价格（元/公斤）,6.3%,-1.6%,https://www.moa.gov.cn/ztzl/szcpxx/jdsj/2025/202504/
lean,精瘦肉零售价 · 36城,价格,2025-05,31.88,元/公斤,月度,原表,2025年5月份36个大中城市猪肉（精瘦肉）零售价格（元/公斤）,5.1%,-0.9%,https://www.moa.gov.cn/ztzl/szcpxx/jdsj/2025/202505/
lean,精瘦肉零售价 · 36城,价格,2025-06,31.56,元/公斤,月度,原表,2025年6月份36个大中城市猪肉（精瘦肉）零售价格（元/公斤）,-3.7%,-1.0%,https://www.moa.gov.cn/ztzl/szcpxx/jdsj/2025/202506/
lean,精瘦肉零售价 · 36城,价格,2025-08,31.1,元/公斤,月度,官方表转载,2025年8月份36个大中城市猪肉（精瘦肉）零售价格（元/公斤）,-12.7%,-0.6%,https://z.nxin.com/Home/InfoDetail/1480689
lean,精瘦肉零售价 · 36城,价格,2025-09,31.18,元/公斤,月度,官方表转载,2025年9月份36个大中城市猪肉（精瘦肉）零售价格（元/公斤）,-14.7%,0.3%,https://m.boyar.cn/article/1241943.html
lean,精瘦肉零售价 · 36城,价格,2025-10,30.74,元/公斤,月度,官方表转载,2025年10月份36个大中城市猪肉（精瘦肉）零售价格（元/公斤）,-13.9%,-1.4%,https://www.boyar.cn/article/1244270.html
lean,精瘦肉零售价 · 36城,价格,2025-12,29.6,元/公斤,月度,官方表转载,2025年12月份36个大中城市猪肉（精瘦肉）零售价格（元/公斤）,-13.0%,-2.1%,https://www.boyar.cn/article/1248731.html
lean,精瘦肉零售价 · 36城,价格,2026-08,26.86,元/公斤,月度,原表,2026年8月份36个大中城市猪肉（精瘦肉）零售价格（元/公斤）,-13.6%,0.8%,https://www.moa.gov.cn/ztzl/szcpxx/jdsj/2026/202608/
leg,后腿肉零售价 · 36城,价格,2021-08,40.09,元/公斤,月度,官方表转载,2021年8月份36个大中城市猪肉（后腿肉）零售价格（元/公斤）,-38.2%,-1.6%,https://www.cpcti.com/hangqing/110033.html
leg,后腿肉零售价 · 36城,价格,2021-12,33.87,元/公斤,月度,原表,2021年12月份36个大中城市猪肉（后腿肉）零售价格（元/公斤）,-43.9%,-1.1%,https://www.moa.gov.cn/ztzl/szcpxx/jdsj/2021/202112/
leg,后腿肉零售价 · 36城,价格,2022-01,32.26,元/公斤,月度,原表,2022年1月份36个大中城市猪肉（后腿肉）零售价格（元/公斤）,-47.8%,-4.8%,https://www.moa.gov.cn/ztzl/szcpxx/jdsj/2022/202201/
leg,后腿肉零售价 · 36城,价格,2022-02,31.26,元/公斤,月度,原表,2022年2月份36个大中城市猪肉（后腿肉）零售价格（元/公斤）,-49.5%,-3.1%,https://www.moa.gov.cn/ztzl/szcpxx/jdsj/2022/202202/
leg,后腿肉零售价 · 36城,价格,2022-03,28.91,元/公斤,月度,原表,2022年3月份36个大中城市猪肉（后腿肉）零售价格（元/公斤）,-50.1%,-7.5%,https://www.moa.gov.cn/ztzl/szcpxx/jdsj/2022/202203/
leg,后腿肉零售价 · 36城,价格,2022-04,28.36,元/公斤,月度,原表,2022年4月份36个大中城市猪肉（后腿肉）零售价格（元/公斤）,-46.0%,-1.9%,https://www.moa.gov.cn/ztzl/szcpxx/jdsj/2022/202204/
leg,后腿肉零售价 · 36城,价格,2022-05,29.55,元/公斤,月度,原表,2022年5月份36个大中城市猪肉（后腿肉）零售价格（元/公斤）,-37.8%,4.2%,https://www.moa.gov.cn/ztzl/szcpxx/jdsj/2022/202205/
leg,后腿肉零售价 · 36城,价格,2022-06,30.13,元/公斤,月度,原表,2022年6月份36个大中城市猪肉（后腿肉）零售价格（元/公斤）,-17.4%,2.0%,https://www.moa.gov.cn/ztzl/szcpxx/jdsj/2022/202206/
leg,后腿肉零售价 · 36城,价格,2022-07,35.96,元/公斤,月度,原表,2022年7月份36个大中城市猪肉（后腿肉）零售价格（元/公斤）,3.2%,19.3%,https://www.moa.gov.cn/ztzl/szcpxx/jdsj/2022/202207/
leg,后腿肉零售价 · 36城,价格,2022-09,38.45,元/公斤,月度,原表,2022年9月份36个大中城市猪肉（后腿肉）零售价格（元/公斤）,18.1%,3.6%,https://www.moa.gov.cn/ztzl/szcpxx/jdsj/2022/202209/
leg,后腿肉零售价 · 36城,价格,2022-10,40.7,元/公斤,月度,原表,2022年10月份36个大中城市猪肉（后腿肉）零售价格（元/公斤）,32.2%,5.9%,https://www.moa.gov.cn/ztzl/szcpxx/jdsj/2022/202210/
leg,后腿肉零售价 · 36城,价格,2022-11,41.7,元/公斤,月度,原表,2022年11月份36个大中城市猪肉（后腿肉）零售价格（元/公斤）,23.4%,2.5%,https://www.moa.gov.cn/ztzl/szcpxx/jdsj/2022/202211/
leg,后腿肉零售价 · 36城,价格,2022-12,39.43,元/公斤,月度,原表,2022年12月份36个大中城市猪肉（后腿肉）零售价格（元/公斤）,16.4%,-5.4%,https://www.moa.gov.cn/ztzl/szcpxx/jdsj/2022/202212/
leg,后腿肉零售价 · 36城,价格,2023-01,35.3,元/公斤,月度,原表,2023年1月份36个大中城市猪肉（后腿肉）零售价格（元/公斤）,9.4%,-10.5%,https://www.moa.gov.cn/ztzl/szcpxx/jdsj/2023/202301/
leg,后腿肉零售价 · 36城,价格,2023-02,32.61,元/公斤,月度,原表,2023年2月份36个大中城市猪肉（后腿肉）零售价格（元/公斤）,4.3%,-7.6%,https://www.moa.gov.cn/ztzl/szcpxx/jdsj/2023/202302/
leg,后腿肉零售价 · 36城,价格,2023-03,31.19,元/公斤,月度,原表,2023年3月份36个大中城市猪肉（后腿肉）零售价格（元/公斤）,7.9%,-4.4%,https://www.moa.gov.cn/ztzl/szcpxx/jdsj/2023/202303/
leg,后腿肉零售价 · 36城,价格,2023-04,29.79,元/公斤,月度,官方表转载,2023年4月份36个大中城市猪肉（后腿肉）零售价格（元/公斤）,5.0%,-4.5%,https://m.boyar.cn/article/1170068.html
leg,后腿肉零售价 · 36城,价格,2023-05,29.18,元/公斤,月度,官方表转载,2023年5月份36个大中城市猪肉（后腿肉）零售价格（元/公斤）,-1.3%,-2.0%,https://m.boyar.cn/article/1172606.html
leg,后腿肉零售价 · 36城,价格,2023-06,28.89,元/公斤,月度,原表,2023年6月份36个大中城市猪肉（后腿肉）零售价格（元/公斤）,-4.1%,-1.0%,https://www.moa.gov.cn/ztzl/szcpxx/jdsj/2023/202306/
leg,后腿肉零售价 · 36城,价格,2023-07,28.55,元/公斤,月度,官方表转载,2023年7月份36个大中城市猪肉（后腿肉）零售价格（元/公斤）,-20.6%,-1.2%,https://m.boyar.cn/article/1177887.html
leg,后腿肉零售价 · 36城,价格,2023-08,29.85,元/公斤,月度,原表,2023年8月份36个大中城市猪肉（后腿肉）零售价格（元/公斤）,-19.6%,4.6%,https://www.moa.gov.cn/ztzl/szcpxx/jdsj/2023/202308/
leg,后腿肉零售价 · 36城,价格,2023-09,30.07,元/公斤,月度,原表,2023年9月份36个大中城市猪肉（后腿肉）零售价格（元/公斤）,-21.8%,0.7%,https://www.moa.gov.cn/ztzl/szcpxx/jdsj/2023/202309/
leg,后腿肉零售价 · 36城,价格,2023-12,28.15,元/公斤,月度,原表,2023年12月份36个大中城市猪肉（后腿肉）零售价格（元/公斤）,-28.6%,-1.3%,https://www.moa.gov.cn/ztzl/szcpxx/jdsj/2023/202312/
leg,后腿肉零售价 · 36城,价格,2024-01,27.9,元/公斤,月度,原表,2024年1月份36个大中城市猪肉（后腿肉）零售价格（元/公斤）,-21.0%,-0.9%,https://www.moa.gov.cn/ztzl/szcpxx/jdsj/2024/202401/
leg,后腿肉零售价 · 36城,价格,2024-03,28.13,元/公斤,月度,原表,2024年3月份36个大中城市猪肉（后腿肉）零售价格（元/公斤）,-9.8%,-2.9%,https://www.moa.gov.cn/ztzl/szcpxx/jdsj/2024/202403/
leg,后腿肉零售价 · 36城,价格,2024-04,27.93,元/公斤,月度,原表,2024年4月份36个大中城市猪肉（后腿肉）零售价格（元/公斤）,-6.2%,-0.7%,https://www.moa.gov.cn/ztzl/szcpxx/jdsj/2024/202404/
leg,后腿肉零售价 · 36城,价格,2024-06,29.53,元/公斤,月度,原表,2024年6月份36个大中城市猪肉（后腿肉）零售价格（元/公斤）,2.2%,6.0%,https://www.moa.gov.cn/ztzl/szcpxx/jdsj/2024/202406/
leg,后腿肉零售价 · 36城,价格,2024-07,30.39,元/公斤,月度,原表,2024年7月份36个大中城市猪肉（后腿肉）零售价格（元/公斤）,6.4%,2.9%,https://www.moa.gov.cn/ztzl/szcpxx/jdsj/2024/202407/
leg,后腿肉零售价 · 36城,价格,2024-08,32.12,元/公斤,月度,官方表转载,2024年8月份36个大中城市猪肉（后腿肉）零售价格（元/公斤）,7.6%,5.7%,https://www.boyar.cn/article/1210747.html
leg,后腿肉零售价 · 36城,价格,2024-09,33.03,元/公斤,月度,原表,2024年9月份36个大中城市猪肉（后腿肉）零售价格（元/公斤）,9.8%,2.8%,https://www.moa.gov.cn/ztzl/szcpxx/jdsj/2024/202409/
leg,后腿肉零售价 · 36城,价格,2024-10,32.17,元/公斤,月度,原表,2024年10月份36个大中城市猪肉（后腿肉）零售价格（元/公斤）,9.3%,-2.6%,https://www.moa.gov.cn/ztzl/szcpxx/jdsj/2024/202410/
leg,后腿肉零售价 · 36城,价格,2024-11,31.2,元/公斤,月度,官方表转载,2024年11月份36个大中城市猪肉（后腿肉）零售价格（元/公斤）,9.4%,-3.0%,https://www.boyar.cn/article/1217874.html
leg,后腿肉零售价 · 36城,价格,2024-12,30.42,元/公斤,月度,原表,2024年12月份36个大中城市猪肉（后腿肉）零售价格（元/公斤）,8.1%,-2.5%,https://www.moa.gov.cn/ztzl/szcpxx/jdsj/2024/202412/
leg,后腿肉零售价 · 36城,价格,2025-01,30.25,元/公斤,月度,原表,2025年1月份36个大中城市猪肉（后腿肉）零售价格（元/公斤）,8.4%,-0.6%,https://www.moa.gov.cn/ztzl/szcpxx/jdsj/2025/202501/
leg,后腿肉零售价 · 36城,价格,2025-02,29.83,元/公斤,月度,原表,2025年2月份36个大中城市猪肉（后腿肉）零售价格（元/公斤）,3.0%,-1.4%,https://www.moa.gov.cn/ztzl/szcpxx/jdsj/2025/202502/
leg,后腿肉零售价 · 36城,价格,2025-03,29.06,元/公斤,月度,原表,2025年3月份36个大中城市猪肉（后腿肉）零售价格（元/公斤）,3.3%,-2.6%,https://www.moa.gov.cn/ztzl/szcpxx/jdsj/2025/202503/
leg,后腿肉零售价 · 36城,价格,2025-04,28.77,元/公斤,月度,原表,2025年4月份36个大中城市猪肉（后腿肉）零售价格（元/公斤）,3.0%,-1.0%,https://www.moa.gov.cn/ztzl/szcpxx/jdsj/2025/202504/
leg,后腿肉零售价 · 36城,价格,2025-05,28.52,元/公斤,月度,原表,2025年5月份36个大中城市猪肉（后腿肉）零售价格（元/公斤）,2.4%,-0.9%,https://www.moa.gov.cn/ztzl/szcpxx/jdsj/2025/202505/
leg,后腿肉零售价 · 36城,价格,2025-06,27.92,元/公斤,月度,原表,2025年6月份36个大中城市猪肉（后腿肉）零售价格（元/公斤）,-5.5%,-2.1%,https://www.moa.gov.cn/ztzl/szcpxx/jdsj/2025/202506/
leg,后腿肉零售价 · 36城,价格,2025-08,27.74,元/公斤,月度,官方表转载,2025年8月份36个大中城市猪肉（后腿肉）零售价格（元/公斤）,-13.6%,-0.1%,https://z.nxin.com/Home/InfoDetail/1480689
leg,后腿肉零售价 · 36城,价格,2025-09,27.58,元/公斤,月度,官方表转载,2025年9月份36个大中城市猪肉（后腿肉）零售价格（元/公斤）,-16.5%,-0.6%,https://m.boyar.cn/article/1241943.html
leg,后腿肉零售价 · 36城,价格,2025-10,27.04,元/公斤,月度,官方表转载,2025年10月份36个大中城市猪肉（后腿肉）零售价格（元/公斤）,-15.9%,-2.0%,https://www.boyar.cn/article/1244270.html
leg,后腿肉零售价 · 36城,价格,2025-12,26.23,元/公斤,月度,官方表转载,2025年12月份36个大中城市猪肉（后腿肉）零售价格（元/公斤）,-13.8%,-1.4%,https://www.boyar.cn/article/1248731.html
leg,后腿肉零售价 · 36城,价格,2026-08,23.66,元/公斤,月度,原表,2026年8月份36个大中城市猪肉（后腿肉）零售价格（元/公斤）,-14.7%,0.8%,https://www.moa.gov.cn/ztzl/szcpxx/jdsj/2026/202608/
lh_daily_oi_annual,LH全年日均持仓量,期货,2021-12,6.0,万手,年度,交易所官方转载,2026年1月8日上市五周年报告；2022—2024未取得，全年成交量2021也未取得。年度落点为统计年12月，不是发布日。,,,https://www.investor.org.cn/zczx/qwzx/qhjysfb_1/202601/t20260112_885032.shtml
lh_daily_oi_annual,LH全年日均持仓量,期货,2025-12,21.3,万手,年度,交易所官方转载,2026年1月8日上市五周年报告；2022—2024未取得，全年成交量2021也未取得。年度落点为统计年12月，不是发布日。,,,https://www.investor.org.cn/zczx/qwzx/qhjysfb_1/202601/t20260112_885032.shtml
lh_daily_volume_annual,LH全年日均成交量,期货,2021-12,2.5,万手,年度,交易所官方转载,2026年1月8日上市五周年报告；2022—2024未取得，全年成交量2021也未取得。年度落点为统计年12月，不是发布日。,,,https://www.investor.org.cn/zczx/qwzx/qhjysfb_1/202601/t20260112_885032.shtml
lh_daily_volume_annual,LH全年日均成交量,期货,2025-12,7.4,万手,年度,交易所官方转载,2026年1月8日上市五周年报告；2022—2024未取得，全年成交量2021也未取得。年度落点为统计年12月，不是发布日。,,,https://www.investor.org.cn/zczx/qwzx/qhjysfb_1/202601/t20260112_885032.shtml
lh_volume_annual,LH全年成交量,期货,2025-12,1799.3,万手,年度,交易所官方转载,2026年1月8日上市五周年报告；2022—2024未取得，全年成交量2021也未取得。年度落点为统计年12月，不是发布日。,,,https://www.investor.org.cn/zczx/qwzx/qhjysfb_1/202601/t20260112_885032.shtml
meal,豆粕集贸价格,成本,2021-01,3.79,元/公斤,月度,原表,,,,https://www.nahs.org.cn/jcyj/jghq/202102/t20210226_371604.htm
meal,豆粕集贸价格,成本,2021-02,3.95,元/公斤,月度,原表,,,,https://www.nahs.org.cn/jcyj/jghq/202104/t20210422_376775.htm
meal,豆粕集贸价格,成本,2021-03,3.82,元/公斤,月度,原表,,,,https://www.nahs.org.cn/jcyj/jghq/202104/t20210422_376773.htm
meal,豆粕集贸价格,成本,2021-04,3.65,元/公斤,月度,原表,,,,https://www.nahs.org.cn/jcyj/jghq/202105/t20210521_378849.htm
meal,豆粕集贸价格,成本,2021-05,3.72,元/公斤,月度,原表,,,,https://www.nahs.org.cn/jcyj/jghq/202106/t20210630_381746.htm
meal,豆粕集贸价格,成本,2021-06,3.75,元/公斤,月度,原表,,,,https://www.nahs.org.cn/jcyj/jghq/202109/t20210901_386328.htm
meal,豆粕集贸价格,成本,2021-07,3.74,元/公斤,月度,原表,,,,https://www.nahs.org.cn/jcyj/jghq/202109/t20210902_386392.htm
meal,豆粕集贸价格,成本,2022-01,3.83,元/公斤,月度,原表,,,,https://www.nahs.org.cn/jcyj/jghq/202203/t20220307_398774.htm
meal,豆粕集贸价格,成本,2022-02,4.02,元/公斤,月度,原表,,,,https://www.nahs.org.cn/jcyj/jghq/202203/t20220307_398775.htm
meal,豆粕集贸价格,成本,2023-03,4.6,元/公斤,月度,原表同期值,来自原表“去年同期”栏，不是反推或插值,,,https://www.nahs.org.cn/jcyj/scxs/202405/t20240509_440895.htm
meal,豆粕集贸价格,成本,2023-04,4.42,元/公斤,月度,原表同期值,来自原表“去年同期”栏，不是反推或插值,,,https://www.nahs.org.cn/jcyj/scxs/202405/t20240520_441295.htm
meal,豆粕集贸价格,成本,2023-05,4.53,元/公斤,月度,原表同期值,来自原表“去年同期”栏，不是反推或插值,,,https://www.nahs.org.cn/jcyj/scxs/202406/t20240624_443125.htm
meal,豆粕集贸价格,成本,2023-06,4.32,元/公斤,月度,原表同期值,来自原表“去年同期”栏，不是反推或插值,,,https://www.nahs.org.cn/jcyj/scxs/202407/t20240719_444687.htm
meal,豆粕集贸价格,成本,2023-07,4.42,元/公斤,月度,原表同期值,来自原表“去年同期”栏，不是反推或插值,,,https://www.nahs.org.cn/jcyj/scxs/202408/t20240822_445999.htm
meal,豆粕集贸价格,成本,2023-08,4.73,元/公斤,月度,原表同期值,来自原表“去年同期”栏，不是反推或插值,,,https://www.nahs.org.cn/jcyj/scxs/202409/t20240923_447237.htm
meal,豆粕集贸价格,成本,2023-09,4.93,元/公斤,月度,原表同期值,来自原表“去年同期”栏，不是反推或插值,,,https://www.nahs.org.cn/jcyj/scxs/202410/t20241011_447899.htm
meal,豆粕集贸价格,成本,2023-12,4.32,元/公斤,月度,原表同期值,来自原表“去年同期”栏，不是反推或插值,,,https://www.nahs.org.cn/jcyj/scxs/202501/t20250113_452086.htm
meal,豆粕集贸价格,成本,2024-01,4.17,元/公斤,月度,原表同期值,来自原表“去年同期”栏，不是反推或插值,,,https://www.nahs.org.cn/jcyj/scxs/202502/t20250217_453025.htm
meal,豆粕集贸价格,成本,2024-02,3.91,元/公斤,月度,原表上月值,来自原表“上月”栏,,,https://www.nahs.org.cn/jcyj/scxs/202405/t20240509_440895.htm
meal,豆粕集贸价格,成本,2024-03,3.82,元/公斤,月度,原表,,,,https://www.nahs.org.cn/jcyj/scxs/202405/t20240509_440895.htm
meal,豆粕集贸价格,成本,2024-04,3.77,元/公斤,月度,原表,,,,https://www.nahs.org.cn/jcyj/scxs/202405/t20240520_441295.htm
meal,豆粕集贸价格,成本,2024-05,3.74,元/公斤,月度,原表,,,,https://www.nahs.org.cn/jcyj/scxs/202406/t20240624_443125.htm
meal,豆粕集贸价格,成本,2024-06,3.7,元/公斤,月度,原表,,,,https://www.nahs.org.cn/jcyj/scxs/202407/t20240719_444687.htm
meal,豆粕集贸价格,成本,2024-07,3.59,元/公斤,月度,原表,,,,https://www.nahs.org.cn/jcyj/scxs/202408/t20240822_445999.htm
meal,豆粕集贸价格,成本,2024-08,3.42,元/公斤,月度,原表,,,,https://www.nahs.org.cn/jcyj/scxs/202409/t20240923_447237.htm
meal,豆粕集贸价格,成本,2024-09,3.4,元/公斤,月度,原表,,,,https://www.nahs.org.cn/jcyj/scxs/202410/t20241011_447899.htm
meal,豆粕集贸价格,成本,2024-10,3.38,元/公斤,月度,原表同期值,来自原表“去年同期”栏，不是反推或插值,,,https://www.nahs.org.cn/jcyj/scxs/202511/t20251118_467768.htm
meal,豆粕集贸价格,成本,2024-11,3.35,元/公斤,月度,原表上月值,来自原表“上月”栏,,,https://www.nahs.org.cn/jcyj/scxs/202501/t20250113_452086.htm
meal,豆粕集贸价格,成本,2024-12,3.27,元/公斤,月度,原表,,,,https://www.nahs.org.cn/jcyj/scxs/202501/t20250113_452086.htm
meal,豆粕集贸价格,成本,2025-01,3.27,元/公斤,月度,原表,,,,https://www.nahs.org.cn/jcyj/scxs/202502/t20250217_453025.htm
meal,豆粕集贸价格,成本,2025-02,3.58,元/公斤,月度,原表,,,,https://www.nahs.org.cn/jcyj/scxs/202503/t20250325_454805.htm
meal,豆粕集贸价格,成本,2025-03,3.7,元/公斤,月度,原表,,,,https://www.nahs.org.cn/jcyj/scxs/202504/t20250424_456191.htm
meal,豆粕集贸价格,成本,2025-04,3.63,元/公斤,月度,原表,,,,https://www.nahs.org.cn/jcyj/scxs/202505/t20250514_456937.htm
meal,豆粕集贸价格,成本,2025-05,3.57,元/公斤,月度,原表,,,,https://www.nahs.org.cn/jcyj/scxs/202506/t20250616_460894.htm
meal,豆粕集贸价格,成本,2025-06,3.37,元/公斤,月度,原表,,,,https://www.nahs.org.cn/jcyj/scxs/202508/t20250804_463227.htm
meal,豆粕集贸价格,成本,2025-07,3.29,元/公斤,月度,原表,,,,https://www.nahs.org.cn/jcyj/scxs/202508/t20250818_463512.htm
meal,豆粕集贸价格,成本,2025-08,3.3,元/公斤,月度,原表,,,,https://www.nahs.org.cn/jcyj/scxs/202509/t20250923_464888.htm
meal,豆粕集贸价格,成本,2025-09,3.3,元/公斤,月度,原表,,,,https://www.nahs.org.cn/jcyj/scxs/202510/t20251015_465668.htm
meal,豆粕集贸价格,成本,2025-10,3.27,元/公斤,月度,原表,,,,https://www.nahs.org.cn/jcyj/scxs/202511/t20251118_467768.htm
meal,豆粕集贸价格,成本,2025-11,3.29,元/公斤,月度,原表,,,,https://www.nahs.org.cn/jcyj/scxs/202512/t20251217_468664.htm
meal,豆粕集贸价格,成本,2025-12,3.3,元/公斤,月度,原表,,,,https://www.nahs.org.cn/jcyj/scxs/202601/t20260115_469255.htm
meal,豆粕集贸价格,成本,2026-01,3.33,元/公斤,月度,原表,,,,https://www.nahs.org.cn/jcyj/scxs/202603/t20260324_470301.htm
meal,豆粕集贸价格,成本,2026-02,3.33,元/公斤,月度,原表,,,,https://www.nahs.org.cn/jcyj/scxs/202603/t20260324_470302.htm
meal,豆粕集贸价格,成本,2026-03,3.4,元/公斤,月度,原表,,,,https://www.nahs.org.cn/jcyj/scxs/202604/t20260410_471339.htm
meal,豆粕集贸价格,成本,2026-04,3.37,元/公斤,月度,原表,,,,https://www.nahs.org.cn/jcyj/scxs/202605/t20260519_472251.htm
meal,豆粕集贸价格,成本,2026-05,3.28,元/公斤,月度,原表,,,,https://www.nahs.org.cn/jcyj/scxs/202606/t20260617_472822.htm
meal,豆粕集贸价格,成本,2026-06,3.21,元/公斤,月度,原表,,,,https://www.nahs.org.cn/jcyj/scxs/202607/t20260708_473285.htm
meal,豆粕集贸价格,成本,2026-07,3.2,元/公斤,月度,原表,,,,https://www.nahs.org.cn/jcyj/scxs/202608/t20260814_473946.htm
meal,豆粕集贸价格,成本,2026-08,3.25,元/公斤,月度,原表,,,,https://www.nahs.org.cn/jcyj/scxs/202609/t20260909_474345.htm
meat_annual,全年猪牛羊禽肉产量,供给,2021-12,8887.0,万吨,年度,原表,年度值；历年原始发布版本可能存在后续修订。,,,https://www.stats.gov.cn/sj/sjjd/202302/t20230202_1896581.html
meat_annual,全年猪牛羊禽肉产量,供给,2022-12,9227.0,万吨,年度,原表,年度值；历年原始发布版本可能存在后续修订。,,,https://www.stats.gov.cn/zt_18555/zthd/lhfw/2023/sjjd/202302/t20230219_1913352.html
meat_annual,全年猪牛羊禽肉产量,供给,2023-12,9641.0,万吨,年度,原表,年度值；历年原始发布版本可能存在后续修订。,,,https://www.stats.gov.cn/xxgk/jd/sjjd2020/202401/t20240118_1946723.html
meat_annual,全年猪牛羊禽肉产量,供给,2024-12,9663.0,万吨,年度,原表,年度值；历年原始发布版本可能存在后续修订。,,,https://www.stats.gov.cn/xxgk/jd/sjjd2020/202501/t20250117_1958344.html
meat_annual,全年猪牛羊禽肉产量,供给,2025-12,10072.0,万吨,年度,原表,年度值；历年原始发布版本可能存在后续修订。,,,https://www.stats.gov.cn/sj/zxfbhjd/202601/t20260119_1962332.html
offal_exports,出口猪杂碎量,贸易,2021-08,0.57,万吨,月度,官方表转载,2021年8月出口猪杂碎（万吨）,-12.6%,9.3%,https://www.cpcti.com/hangqing/110033.html
offal_exports,出口猪杂碎量,贸易,2021-12,0.6,万吨,月度,原表,2021年12月出口猪杂碎（万吨）,16.9%,-1.1%,https://www.moa.gov.cn/ztzl/szcpxx/jdsj/2021/202112/
offal_exports,出口猪杂碎量,贸易,2022-02,0.34,万吨,月度,原表,2022年2月出口猪杂碎（万吨）,-35.0%,-42.1%,https://www.moa.gov.cn/ztzl/szcpxx/jdsj/2022/202202/
offal_exports,出口猪杂碎量,贸易,2022-03,0.48,万吨,月度,原表,2022年3月出口猪杂碎（万吨）,19.2%,41.9%,https://www.moa.gov.cn/ztzl/szcpxx/jdsj/2022/202203/
offal_exports,出口猪杂碎量,贸易,2022-04,0.52,万吨,月度,原表,2022年4月出口猪杂碎（万吨）,-4.4%,7.2%,https://www.moa.gov.cn/ztzl/szcpxx/jdsj/2022/202204/
offal_exports,出口猪杂碎量,贸易,2022-05,0.56,万吨,月度,原表,2022年5月出口猪杂碎（万吨）,1.7%,8.5%,https://www.moa.gov.cn/ztzl/szcpxx/jdsj/2022/202205/
offal_exports,出口猪杂碎量,贸易,2022-06,0.59,万吨,月度,原表,2022年6月出口猪杂碎（万吨）,14.4%,5.3%,https://www.moa.gov.cn/ztzl/szcpxx/jdsj/2022/202206/
offal_exports,出口猪杂碎量,贸易,2022-07,0.63,万吨,月度,原表,2022年7月出口猪杂碎（万吨）,18.9%,5.4%,https://www.moa.gov.cn/ztzl/szcpxx/jdsj/2022/202207/
offal_exports,出口猪杂碎量,贸易,2022-09,0.63,万吨,月度,原表,2022年9月份出口猪杂碎（万吨）,8.9%,1.4%,https://www.moa.gov.cn/ztzl/szcpxx/jdsj/2022/202209/
offal_exports,出口猪杂碎量,贸易,2022-10,0.56,万吨,月度,原表,2022年10月出口猪杂碎（万吨）,6.3%,-9.3%,https://www.moa.gov.cn/ztzl/szcpxx/jdsj/2022/202210/
offal_exports,出口猪杂碎量,贸易,2022-11,0.61,万吨,月度,原表,2022年11月出口猪杂碎（万吨）,1.2%,9.9%,https://www.moa.gov.cn/ztzl/szcpxx/jdsj/2022/202211/
offal_exports,出口猪杂碎量,贸易,2022-12,0.54,万吨,月度,原表,2022年12月出口猪杂碎（万吨）,-9.9%,-11.9%,https://www.moa.gov.cn/ztzl/szcpxx/jdsj/2022/202212/
offal_exports,出口猪杂碎量,贸易,2023-02,0.38,万吨,月度,原表,2023年2月出口猪杂碎（万吨）,12.3%,-18.5%,https://www.moa.gov.cn/ztzl/szcpxx/jdsj/2023/202302/
offal_exports,出口猪杂碎量,贸易,2023-12,0.58,万吨,月度,原表,2023年12月出口猪杂碎（万吨）,7.2%,37.3%,https://www.moa.gov.cn/ztzl/szcpxx/jdsj/2023/202312/
offal_exports,出口猪杂碎量,贸易,2024-03,0.48,万吨,月度,原表,2024年3月出口猪杂碎（万吨）,-10.5%,1.4%,https://www.moa.gov.cn/ztzl/szcpxx/jdsj/2024/202403/
offal_exports,出口猪杂碎量,贸易,2024-04,0.52,万吨,月度,原表,2024年4月出口猪杂碎（万吨）,-12.7%,6.4%,https://www.moa.gov.cn/ztzl/szcpxx/jdsj/2024/202404/
offal_exports,出口猪杂碎量,贸易,2024-06,0.61,万吨,月度,原表,2024年6月出口猪杂碎（万吨）,9.0%,8.9%,https://www.moa.gov.cn/ztzl/szcpxx/jdsj/2024/202406/
offal_exports,出口猪杂碎量,贸易,2024-07,0.58,万吨,月度,原表,2024年7月出口猪杂碎（万吨）,4.2%,-4.6%,https://www.moa.gov.cn/ztzl/szcpxx/jdsj/2024/202407/
offal_exports,出口猪杂碎量,贸易,2024-08,0.63,万吨,月度,官方表转载,2024年8月出口猪杂碎（万吨）,3.9%,7.2%,https://www.boyar.cn/article/1210747.html
offal_exports,出口猪杂碎量,贸易,2024-09,0.52,万吨,月度,原表,2024年9月出口猪杂碎（万吨）,3.4%,-17.3%,https://www.moa.gov.cn/ztzl/szcpxx/jdsj/2024/202409/
offal_exports,出口猪杂碎量,贸易,2024-10,0.54,万吨,月度,原表,2024年10月出口猪杂碎（万吨）,12.0%,3.5%,https://www.moa.gov.cn/ztzl/szcpxx/jdsj/2024/202410/
offal_exports,出口猪杂碎量,贸易,2024-11,0.52,万吨,月度,官方表转载,2024年11月出口猪杂碎（万吨）,22.8%,-3.2%,https://www.boyar.cn/article/1217874.html
offal_exports,出口猪杂碎量,贸易,2024-12,0.7,万吨,月度,原表,2024年12月出口猪杂碎（万吨）,21.0%,35.3%,https://www.moa.gov.cn/ztzl/szcpxx/jdsj/2024/202412/
offal_exports,出口猪杂碎量,贸易,2025-02,0.4,万吨,月度,原表,2025年2月出口猪杂碎（万吨）,-16.6%,-30.9%,https://www.moa.gov.cn/ztzl/szcpxx/jdsj/2025/202502/
offal_exports,出口猪杂碎量,贸易,2025-03,0.49,万吨,月度,原表,2025年3月出口猪杂碎（万吨）,0.2%,21.9%,https://www.moa.gov.cn/ztzl/szcpxx/jdsj/2025/202503/
offal_exports,出口猪杂碎量,贸易,2025-04,0.6,万吨,月度,原表,2025年4月出口猪杂碎（万吨）,16.8%,23.6%,https://www.moa.gov.cn/ztzl/szcpxx/jdsj/2025/202504/
offal_exports,出口猪杂碎量,贸易,2025-05,0.62,万吨,月度,原表,2025年5月出口猪杂碎（万吨）,10.8%,4.0%,https://www.moa.gov.cn/ztzl/szcpxx/jdsj/2025/202505/
offal_exports,出口猪杂碎量,贸易,2025-06,0.62,万吨,月度,原表,2025年6月出口猪杂碎（万吨）,0.8%,-0.9%,https://www.moa.gov.cn/ztzl/szcpxx/jdsj/2025/202506/
offal_exports,出口猪杂碎量,贸易,2025-08,0.67,万吨,月度,官方表转载,2025年8月出口猪杂碎（万吨）,7.2%,6.1%,https://z.nxin.com/Home/InfoDetail/1480689
offal_exports,出口猪杂碎量,贸易,2025-09,0.67,万吨,月度,官方表转载,2025年9月出口猪杂碎（万吨）,29.8%,0.1%,https://m.boyar.cn/article/1241943.html
offal_exports,出口猪杂碎量,贸易,2025-10,0.58,万吨,月度,官方表转载,2025年10月出口猪杂碎（万吨）,8.3%,-13.7%,https://www.boyar.cn/article/1244270.html
offal_exports,出口猪杂碎量,贸易,2025-12,0.6,万吨,月度,官方表转载,2025年12月出口猪杂碎（万吨）,-14.9%,-2.7%,https://www.boyar.cn/article/1248731.html
offal_exports,出口猪杂碎量,贸易,2026-08,0.5,万吨,月度,原表,2026年8月出口猪杂碎（万吨）,-26.2%,-20.2%,https://www.moa.gov.cn/ztzl/szcpxx/jdsj/2026/202608/
offal_exports_annual,出口猪杂碎 · 全年,贸易,2021-12,6.51,万吨,年度,原表,,,,https://www.moa.gov.cn/ztzl/szcpxx/jdsj/2021/202112/
offal_exports_annual,出口猪杂碎 · 全年,贸易,2022-12,6.68,万吨,年度,原表,,,,https://www.moa.gov.cn/ztzl/szcpxx/jdsj/2022/202212/
offal_exports_annual,出口猪杂碎 · 全年,贸易,2023-12,6.24,万吨,年度,原表,,,,https://www.moa.gov.cn/ztzl/szcpxx/jdsj/2023/202312/
offal_exports_annual,出口猪杂碎 · 全年,贸易,2024-12,6.66,万吨,年度,原表,,,,https://www.moa.gov.cn/ztzl/szcpxx/jdsj/2024/202412/
offal_exports_annual,出口猪杂碎 · 全年,贸易,2025-12,7.08,万吨,年度,官方表转载,,,,https://www.boyar.cn/article/1248731.html
offal_imports,进口猪杂碎量,贸易,2021-08,11.09,万吨,月度,官方表转载,2021年8月进口猪杂碎（万吨）,7.6%,-5.8%,https://www.cpcti.com/hangqing/110033.html
offal_imports,进口猪杂碎量,贸易,2021-12,10.43,万吨,月度,原表,2021年12月进口猪杂碎（万吨）,-11.0%,-5.9%,https://www.moa.gov.cn/ztzl/szcpxx/jdsj/2021/202112/
offal_imports,进口猪杂碎量,贸易,2022-02,8.34,万吨,月度,原表,2022年2月进口猪杂碎（万吨）,-8.2%,-9.8%,https://www.moa.gov.cn/ztzl/szcpxx/jdsj/2022/202202/
offal_imports,进口猪杂碎量,贸易,2022-03,9.35,万吨,月度,原表,2022年3月进口猪杂碎（万吨）,-22.2%,12.1%,https://www.moa.gov.cn/ztzl/szcpxx/jdsj/2022/202203/
offal_imports,进口猪杂碎量,贸易,2022-04,9.39,万吨,月度,原表,2022年4月进口猪杂碎（万吨）,-18.6%,0.4%,https://www.moa.gov.cn/ztzl/szcpxx/jdsj/2022/202204/
offal_imports,进口猪杂碎量,贸易,2022-05,9.25,万吨,月度,原表,2022年5月进口猪杂碎（万吨）,-13.1%,-1.4%,https://www.moa.gov.cn/ztzl/szcpxx/jdsj/2022/202205/
offal_imports,进口猪杂碎量,贸易,2022-06,9.3,万吨,月度,原表,2022年6月进口猪杂碎（万吨）,-12.0%,0.5%,https://www.moa.gov.cn/ztzl/szcpxx/jdsj/2022/202206/
offal_imports,进口猪杂碎量,贸易,2022-07,8.79,万吨,月度,原表,2022年7月进口猪杂碎（万吨）,-25.4%,-5.5%,https://www.moa.gov.cn/ztzl/szcpxx/jdsj/2022/202207/
offal_imports,进口猪杂碎量,贸易,2022-09,9.22,万吨,月度,原表,2022年9月份进口猪杂碎（万吨）,-12.8%,3.4%,https://www.moa.gov.cn/ztzl/szcpxx/jdsj/2022/202209/
offal_imports,进口猪杂碎量,贸易,2022-10,8.31,万吨,月度,原表,2022年10月进口猪杂碎（万吨）,-19.4%,-9.8%,https://www.moa.gov.cn/ztzl/szcpxx/jdsj/2022/202210/
offal_imports,进口猪杂碎量,贸易,2022-11,9.79,万吨,月度,原表,2022年11月进口猪杂碎（万吨）,-11.6%,17.8%,https://www.moa.gov.cn/ztzl/szcpxx/jdsj/2022/202211/
offal_imports,进口猪杂碎量,贸易,2022-12,10.62,万吨,月度,原表,2022年12月进口猪杂碎（万吨）,1.8%,8.4%,https://www.moa.gov.cn/ztzl/szcpxx/jdsj/2022/202212/
offal_imports,进口猪杂碎量,贸易,2023-02,8.97,万吨,月度,原表,2023年2月进口猪杂碎（万吨）,7.7%,-6.6%,https://www.moa.gov.cn/ztzl/szcpxx/jdsj/2023/202302/
offal_imports,进口猪杂碎量,贸易,2023-03,10.33,万吨,月度,原表,2023年3月进口猪杂碎（万吨）,10.5%,15.1%,https://www.moa.gov.cn/ztzl/szcpxx/jdsj/2023/202303/
offal_imports,进口猪杂碎量,贸易,2023-04,9.57,万吨,月度,官方表转载,2023年4月进口猪杂碎（万吨）,2.0%,-7.3%,https://m.boyar.cn/article/1170068.html
offal_imports,进口猪杂碎量,贸易,2023-05,10.65,万吨,月度,官方表转载,2023年5月进口猪杂碎（万吨）,15.2%,11.3%,https://m.boyar.cn/article/1172606.html
offal_imports,进口猪杂碎量,贸易,2023-06,9.8,万吨,月度,原表,2023年6月份进口猪杂碎（万吨）,5.4%,-8.1%,https://www.moa.gov.cn/ztzl/szcpxx/jdsj/2023/202306/
offal_imports,进口猪杂碎量,贸易,2023-07,9.57,万吨,月度,官方表转载,2023年7月进口猪杂碎（万吨）,8.9%,-2.4%,https://m.boyar.cn/article/1177887.html
offal_imports,进口猪杂碎量,贸易,2023-08,9.59,万吨,月度,原表,2023年8月进口猪杂碎（万吨）,7.6%,0.2%,https://www.moa.gov.cn/ztzl/szcpxx/jdsj/2023/202308/
offal_imports,进口猪杂碎量,贸易,2023-09,10.22,万吨,月度,原表,2023年9月进口猪杂碎（万吨）,10.8%,6.5%,https://www.moa.gov.cn/ztzl/szcpxx/jdsj/2023/202309/
offal_imports,进口猪杂碎量,贸易,2023-12,9.1,万吨,月度,原表,2023年12月进口猪杂碎（万吨）,-14.3%,-5.3%,https://www.moa.gov.cn/ztzl/szcpxx/jdsj/2023/202312/
offal_imports,进口猪杂碎量,贸易,2024-03,11.06,万吨,月度,原表,2024年3月进口猪杂碎（万吨）,7.1%,35.6%,https://www.moa.gov.cn/ztzl/szcpxx/jdsj/2024/202403/
offal_imports,进口猪杂碎量,贸易,2024-04,10.85,万吨,月度,原表,2024年4月进口猪杂碎（万吨）,13.5%,-1.9%,https://www.moa.gov.cn/ztzl/szcpxx/jdsj/2024/202404/
offal_imports,进口猪杂碎量,贸易,2024-06,9.63,万吨,月度,原表,2024年6月进口猪杂碎（万吨）,-1.8%,-5.2%,https://www.moa.gov.cn/ztzl/szcpxx/jdsj/2024/202406/
offal_imports,进口猪杂碎量,贸易,2024-07,9.87,万吨,月度,原表,2024年7月进口猪杂碎（万吨）,3.2%,2.6%,https://www.moa.gov.cn/ztzl/szcpxx/jdsj/2024/202407/
offal_imports,进口猪杂碎量,贸易,2024-08,10.77,万吨,月度,官方表转载,2024年8月进口猪杂碎（万吨）,12.4%,9.1%,https://www.boyar.cn/article/1210747.html
offal_imports,进口猪杂碎量,贸易,2024-09,11.26,万吨,月度,原表,2024年9月进口猪杂碎（万吨）,10.2%,4.5%,https://www.moa.gov.cn/ztzl/szcpxx/jdsj/2024/202409/
offal_imports,进口猪杂碎量,贸易,2024-10,9.89,万吨,月度,原表,2024年10月进口猪杂碎（万吨）,10.7%,-12.2%,https://www.moa.gov.cn/ztzl/szcpxx/jdsj/2024/202410/
offal_imports,进口猪杂碎量,贸易,2024-11,9.07,万吨,月度,官方表转载,2024年11月进口猪杂碎（万吨）,-5.5%,-8.2%,https://www.boyar.cn/article/1217874.html
offal_imports,进口猪杂碎量,贸易,2024-12,10.5,万吨,月度,原表,2024年12月进口猪杂碎（万吨）,15.4%,15.7%,https://www.moa.gov.cn/ztzl/szcpxx/jdsj/2024/202412/
offal_imports,进口猪杂碎量,贸易,2025-02,8.47,万吨,月度,原表,2025年2月进口猪杂碎（万吨）,3.9%,-22.5%,https://www.moa.gov.cn/ztzl/szcpxx/jdsj/2025/202502/
offal_imports,进口猪杂碎量,贸易,2025-03,10.78,万吨,月度,原表,2025年3月进口猪杂碎（万吨）,-2.5%,27.3%,https://www.moa.gov.cn/ztzl/szcpxx/jdsj/2025/202503/
offal_imports,进口猪杂碎量,贸易,2025-04,9.75,万吨,月度,原表,2025年4月进口猪杂碎（万吨）,-10.2%,-9.6%,https://www.moa.gov.cn/ztzl/szcpxx/jdsj/2025/202504/
offal_imports,进口猪杂碎量,贸易,2025-05,10.64,万吨,月度,原表,2025年5月进口猪杂碎（万吨）,4.8%,9.2%,https://www.moa.gov.cn/ztzl/szcpxx/jdsj/2025/202505/
offal_imports,进口猪杂碎量,贸易,2025-06,10.39,万吨,月度,原表,2025年6月进口猪杂碎（万吨）,8.0%,-2.4%,https://www.moa.gov.cn/ztzl/szcpxx/jdsj/2025/202506/
offal_imports,进口猪杂碎量,贸易,2025-08,9.71,万吨,月度,官方表转载,2025年8月进口猪杂碎（万吨）,-9.9%,-6.8%,https://z.nxin.com/Home/InfoDetail/1480689
offal_imports,进口猪杂碎量,贸易,2025-09,9.76,万吨,月度,官方表转载,2025年9月进口猪杂碎（万吨）,-13.5%,0.5%,https://m.boyar.cn/article/1241943.html
offal_imports,进口猪杂碎量,贸易,2025-10,8.99,万吨,月度,官方表转载,2025年10月进口猪杂碎（万吨）,-9.1%,-7.8%,https://www.boyar.cn/article/1244270.html
offal_imports,进口猪杂碎量,贸易,2025-12,9.16,万吨,月度,官方表转载,2025年12月进口猪杂碎（万吨）,-12.8%,0.0%,https://www.boyar.cn/article/1248731.html
offal_imports,进口猪杂碎量,贸易,2026-08,8.62,万吨,月度,原表,2026年8月进口猪杂碎（万吨）,-11.1%,-8.9%,https://www.moa.gov.cn/ztzl/szcpxx/jdsj/2026/202608/
offal_imports_annual,进口猪杂碎 · 全年,贸易,2021-12,129.41,万吨,年度,原表,,,,https://www.moa.gov.cn/ztzl/szcpxx/jdsj/2021/202112/
offal_imports_annual,进口猪杂碎 · 全年,贸易,2022-12,110.5,万吨,年度,原表,,,,https://www.moa.gov.cn/ztzl/szcpxx/jdsj/2022/202212/
offal_imports_annual,进口猪杂碎 · 全年,贸易,2023-12,115.96,万吨,年度,原表,,,,https://www.moa.gov.cn/ztzl/szcpxx/jdsj/2023/202312/
offal_imports_annual,进口猪杂碎 · 全年,贸易,2024-12,121.09,万吨,年度,原表,,,,https://www.moa.gov.cn/ztzl/szcpxx/jdsj/2024/202412/
offal_imports_annual,进口猪杂碎 · 全年,贸易,2025-12,118.19,万吨,年度,官方表转载,,,,https://www.boyar.cn/article/1248731.html
outbound_annual,全年生猪出栏,供给,2021-12,67128.0,万头,年度,原表,年度值；历年原始发布版本可能存在后续修订。,,,https://www.stats.gov.cn/sj/sjjd/202302/t20230202_1896581.html
outbound_annual,全年生猪出栏,供给,2022-12,69995.0,万头,年度,原表,年度值；历年原始发布版本可能存在后续修订。,,,https://www.stats.gov.cn/zt_18555/zthd/lhfw/2023/sjjd/202302/t20230219_1913352.html
outbound_annual,全年生猪出栏,供给,2023-12,72662.0,万头,年度,原表,年度值；历年原始发布版本可能存在后续修订。,,,https://www.stats.gov.cn/xxgk/jd/sjjd2020/202401/t20240118_1946723.html
outbound_annual,全年生猪出栏,供给,2024-12,70256.0,万头,年度,原表,年度值；历年原始发布版本可能存在后续修订。,,,https://www.stats.gov.cn/xxgk/jd/sjjd2020/202501/t20250117_1958344.html
outbound_annual,全年生猪出栏,供给,2025-12,71973.0,万头,年度,原表,年度值；历年原始发布版本可能存在后续修订。,,,https://www.stats.gov.cn/sj/zxfbhjd/202601/t20260119_1962332.html
outbound_ytd,累计生猪出栏,供给,2021-12,67128.0,万头,季度累计,原表,2021年生猪出栏（万头）,27.4%,—,https://www.moa.gov.cn/ztzl/szcpxx/jdsj/2021/202112/
outbound_ytd,累计生猪出栏,供给,2022-03,19566.0,万头,季度累计,原表,2022年1季度生猪出栏（万头）,14.1%,—,https://www.moa.gov.cn/ztzl/szcpxx/jdsj/2022/202203/
outbound_ytd,累计生猪出栏,供给,2022-06,36587.0,万头,季度累计,原表,2022年上半年生猪出栏（万头）,8.4%,—,https://www.moa.gov.cn/ztzl/szcpxx/jdsj/2022/202206/
outbound_ytd,累计生猪出栏,供给,2022-09,52030.0,万头,季度累计,原表,2022年前3季度生猪出栏（万头）,5.8%,—,https://www.moa.gov.cn/ztzl/szcpxx/jdsj/2022/202209/
outbound_ytd,累计生猪出栏,供给,2022-12,69995.0,万头,季度累计,原表,2022年生猪出栏（万头）,4.3%,—,https://www.moa.gov.cn/ztzl/szcpxx/jdsj/2022/202212/
outbound_ytd,累计生猪出栏,供给,2023-03,19899.0,万头,季度累计,原表,2023年1季度生猪出栏（万头）,1.7%,—,https://www.moa.gov.cn/ztzl/szcpxx/jdsj/2023/202303/
outbound_ytd,累计生猪出栏,供给,2023-06,37548.0,万头,季度累计,原表,2023年上半年生猪出栏（万头）,2.6%,—,https://www.moa.gov.cn/ztzl/szcpxx/jdsj/2023/202306/
outbound_ytd,累计生猪出栏,供给,2023-09,53723.0,万头,季度累计,原表,2023年前三季度生猪出栏（万头）,3.3%,—,https://www.moa.gov.cn/ztzl/szcpxx/jdsj/2023/202309/
outbound_ytd,累计生猪出栏,供给,2023-12,72662.0,万头,季度累计,原表,2023年生猪出栏（万头）,3.8%,—,https://www.moa.gov.cn/ztzl/szcpxx/jdsj/2023/202312/
outbound_ytd,累计生猪出栏,供给,2024-03,19455.0,万头,季度累计,原表,2024年1季度生猪出栏（万头）,-2.2%,—,https://www.moa.gov.cn/ztzl/szcpxx/jdsj/2024/202403/
outbound_ytd,累计生猪出栏,供给,2024-06,36395.0,万头,季度累计,原表,2024年上半年生猪出栏（万头）,-3.1%,—,https://www.moa.gov.cn/ztzl/szcpxx/jdsj/2024/202406/
outbound_ytd,累计生猪出栏,供给,2024-09,52030.0,万头,季度累计,原表,2024年前3季度生猪出栏（万头）,-3.2%,—,https://www.moa.gov.cn/ztzl/szcpxx/jdsj/2024/202409/
outbound_ytd,累计生猪出栏,供给,2024-12,70256.0,万头,季度累计,原表,2024年生猪出栏（万头）,-3.3%,—,https://www.moa.gov.cn/ztzl/szcpxx/jdsj/2024/202412/
outbound_ytd,累计生猪出栏,供给,2025-03,19476.0,万头,季度累计,原表,2025年1季度生猪出栏（万头）,0.1%,—,https://www.moa.gov.cn/ztzl/szcpxx/jdsj/2025/202503/
outbound_ytd,累计生猪出栏,供给,2025-06,36619.0,万头,季度累计,原表,2025年上半年生猪出栏（万头）,0.6%,—,https://www.moa.gov.cn/ztzl/szcpxx/jdsj/2025/202506/
outbound_ytd,累计生猪出栏,供给,2025-09,52992.0,万头,季度累计,官方表转载,2025年前3季度生猪出栏（万头）,1.8%,—,https://m.boyar.cn/article/1241943.html
outbound_ytd,累计生猪出栏,供给,2025-12,71973.0,万头,季度累计,官方表转载,2025年生猪出栏（万头）,2.4%,—,https://www.boyar.cn/article/1248731.html
outbound_ytd,累计生猪出栏,供给,2026-06,37246.0,万头,季度累计,原表,2026年上半年；存栏为二季度末值，出栏及产量为1—6月累计。,1.7%,,https://www.stats.gov.cn/sj/sjjd/202607/t20260716_1964140.html
pigfeed_annual,全年猪饲料产量,成本,2021-12,13076.5,万吨,年度,原表,年度原始发布值；2023、2024报告网页迁移至2026目录，统计年度按报告标题识别。,,,https://www.nahs.org.cn/dt/xwlb/202202/t20220211_397140.htm
pigfeed_annual,全年猪饲料产量,成本,2022-12,13597.5,万吨,年度,原表,年度原始发布值；2023、2024报告网页迁移至2026目录，统计年度按报告标题识别。,,,https://www.chinafeed.org.cn/hyfx/hyfx_erji/202302/t20230214_418333.htm
pigfeed_annual,全年猪饲料产量,成本,2023-12,14975.2,万吨,年度,原表,年度原始发布值；2023、2024报告网页迁移至2026目录，统计年度按报告标题识别。,,,https://www.chinafeed.org.cn/hyfx/cyhg/202606/t20260617_472824.htm
pigfeed_annual,全年猪饲料产量,成本,2024-12,14391.3,万吨,年度,原表,年度原始发布值；2023、2024报告网页迁移至2026目录，统计年度按报告标题识别。,,,https://www.chinafeed.org.cn/hyfx/cyhg/202606/t20260617_472819.htm
pigfeed_annual,全年猪饲料产量,成本,2025-12,16639.4,万吨,年度,原表,年度原始发布值；2023、2024报告网页迁移至2026目录，统计年度按报告标题识别。,,,https://www.chinafeed.org.cn/hyfx/202602/t20260209_469703.htm
piglet,仔猪价格,价格,2021-01,89.19,元/公斤,月度,原表,,,,https://www.nahs.org.cn/jcyj/jghq/202102/t20210226_371604.htm
piglet,仔猪价格,价格,2021-02,90.84,元/公斤,月度,原表,,,,https://www.nahs.org.cn/jcyj/jghq/202104/t20210422_376775.htm
piglet,仔猪价格,价格,2021-03,93.27,元/公斤,月度,原表,,,,https://www.nahs.org.cn/jcyj/jghq/202104/t20210422_376773.htm
piglet,仔猪价格,价格,2021-04,87.18,元/公斤,月度,原表,,,,https://www.nahs.org.cn/jcyj/jghq/202105/t20210521_378849.htm
piglet,仔猪价格,价格,2021-05,74.15,元/公斤,月度,原表,,,,https://www.nahs.org.cn/jcyj/jghq/202106/t20210630_381746.htm
piglet,仔猪价格,价格,2021-06,55.39,元/公斤,月度,原表,,,,https://www.nahs.org.cn/jcyj/jghq/202109/t20210901_386328.htm
piglet,仔猪价格,价格,2021-07,44.4,元/公斤,月度,原表,,,,https://www.nahs.org.cn/jcyj/jghq/202109/t20210902_386392.htm
piglet,仔猪价格,价格,2021-08,38.74,元/公斤,月度,官方表转载,2021年8月份全国仔猪价格（元/公斤）,-64.3%,-12.7%,https://www.cpcti.com/hangqing/110033.html
piglet,仔猪价格,价格,2021-11,26.27,元/公斤,月度,原表,,,,https://journal.chinafeed.com.cn/CN/10.15906/j.cnki.cn11-2975/s.20212401
piglet,仔猪价格,价格,2021-12,27.98,元/公斤,月度,原表,2021年12月份全国仔猪价格（元/公斤）,-66.1%,6.5%,https://www.moa.gov.cn/ztzl/szcpxx/jdsj/2021/202112/
piglet,仔猪价格,价格,2022-01,26.55,元/公斤,月度,原表,,,,https://www.nahs.org.cn/jcyj/jghq/202203/t20220307_398774.htm
piglet,仔猪价格,价格,2022-02,25.41,元/公斤,月度,原表,,,,https://www.nahs.org.cn/jcyj/jghq/202203/t20220307_398775.htm
piglet,仔猪价格,价格,2022-03,24.24,元/公斤,月度,原表,2022年3月份全国仔猪价格（元/公斤）,-74.0%,-4.6%,https://www.moa.gov.cn/ztzl/szcpxx/jdsj/2022/202203/
piglet,仔猪价格,价格,2022-04,25.77,元/公斤,月度,原表,,,,https://journal.chinafeed.com.cn/CN/10.15906/j.cnki.cn11-2975/s.20221001
piglet,仔猪价格,价格,2022-05,31.55,元/公斤,月度,原表,,,,https://journal.chinafeed.com.cn/CN/abstract/abstract1256.shtml
piglet,仔猪价格,价格,2022-06,36.34,元/公斤,月度,原表,,,,https://journal.chinafeed.com.cn/CN/10.15906/j.cnki.cn11-2975/s.20221401
piglet,仔猪价格,价格,2022-07,43.99,元/公斤,月度,原表,,,,https://journal.chinafeed.com.cn/CN/Y2022/V1/I16/2
piglet,仔猪价格,价格,2022-09,44.11,元/公斤,月度,原表,,,,https://journal.chinafeed.com.cn/CN/10.15906/j.cnki.cn11-2975/s.20222001
piglet,仔猪价格,价格,2022-10,45.62,元/公斤,月度,原表,2022年10月份全国仔猪价格（元/公斤）,96.2%,3.4%,https://www.moa.gov.cn/ztzl/szcpxx/jdsj/2022/202210/
piglet,仔猪价格,价格,2022-11,46.03,元/公斤,月度,原表,2022年11月份全国仔猪价格（元/公斤）,75.2%,0.9%,https://www.moa.gov.cn/ztzl/szcpxx/jdsj/2022/202211/
piglet,仔猪价格,价格,2022-12,41.0,元/公斤,月度,原表,2022年12月份全国仔猪价格（元/公斤）,46.5%,-10.9%,https://www.moa.gov.cn/ztzl/szcpxx/jdsj/2022/202212/
piglet,仔猪价格,价格,2023-01,34.86,元/公斤,月度,原表,,,,https://journal.chinafeed.com.cn/CN/volumn/volumn_52.shtml
piglet,仔猪价格,价格,2023-02,34.06,元/公斤,月度,原表,2023年2月份全国仔猪价格（元/公斤）,34.0%,-2.3%,https://www.moa.gov.cn/ztzl/szcpxx/jdsj/2023/202302/
piglet,仔猪价格,价格,2023-03,37.72,元/公斤,月度,原表,,,,https://journal.chinafeed.com.cn/CN/10.15906/j.cnki.cn11-2975/s.20230801
piglet,仔猪价格,价格,2023-04,36.89,元/公斤,月度,原表,,,,https://journal.chinafeed.com.cn/CN/volumn/volumn_58.shtml
piglet,仔猪价格,价格,2023-05,36.55,元/公斤,月度,官方表转载,2023年5月份全国仔猪价格（元/公斤）,15.9%,-0.9%,https://m.boyar.cn/article/1172606.html
piglet,仔猪价格,价格,2023-06,34.97,元/公斤,月度,原表,,,,https://journal.chinafeed.com.cn/CN/volumn/volumn_62.shtml
piglet,仔猪价格,价格,2023-07,31.88,元/公斤,月度,官方表转载,2023年7月份全国仔猪价格（元/公斤）,-27.5%,-8.8%,https://m.boyar.cn/article/1177887.html
piglet,仔猪价格,价格,2023-08,32.85,元/公斤,月度,原表,2023年8月份全国仔猪价格（元/公斤）,-26.4%,3.0%,https://www.moa.gov.cn/ztzl/szcpxx/jdsj/2023/202308/
piglet,仔猪价格,价格,2023-09,31.4,元/公斤,月度,原表,2023年9月份全国仔猪价格（元/公斤）,-28.8%,-4.4%,https://www.moa.gov.cn/ztzl/szcpxx/jdsj/2023/202309/
piglet,仔猪价格,价格,2023-10,27.53,元/公斤,月度,原表,,,,https://journal.chinafeed.com.cn/CN/10.15906/j.cnki.cn11-2975/s.20232401
piglet,仔猪价格,价格,2023-12,23.26,元/公斤,月度,原表,2023年12月份全国仔猪价格（元/公斤）,-43.3%,-4.0%,https://www.moa.gov.cn/ztzl/szcpxx/jdsj/2023/202312/
piglet,仔猪价格,价格,2024-01,23.22,元/公斤,月度,原表,2024年1月份全国仔猪价格（元/公斤）,-33.4%,-0.2%,https://www.moa.gov.cn/ztzl/szcpxx/jdsj/2024/202401/
piglet,仔猪价格,价格,2024-02,28.23,元/公斤,月度,原表上月值,来自原表“上月”栏,,,https://www.nahs.org.cn/jcyj/scxs/202405/t20240509_440895.htm
piglet,仔猪价格,价格,2024-03,32.11,元/公斤,月度,原表,,,,https://www.nahs.org.cn/jcyj/scxs/202405/t20240509_440895.htm
piglet,仔猪价格,价格,2024-04,36.73,元/公斤,月度,原表,,,,https://www.nahs.org.cn/jcyj/scxs/202405/t20240520_441295.htm
piglet,仔猪价格,价格,2024-05,38.7,元/公斤,月度,原表,,,,https://www.nahs.org.cn/jcyj/scxs/202406/t20240624_443125.htm
piglet,仔猪价格,价格,2024-06,43.58,元/公斤,月度,原表,,,,https://www.nahs.org.cn/jcyj/scxs/202407/t20240719_444687.htm
piglet,仔猪价格,价格,2024-07,43.92,元/公斤,月度,原表,,,,https://www.nahs.org.cn/jcyj/scxs/202408/t20240822_445999.htm
piglet,仔猪价格,价格,2024-08,44.27,元/公斤,月度,原表,,,,https://www.nahs.org.cn/jcyj/scxs/202409/t20240923_447237.htm
piglet,仔猪价格,价格,2024-09,41.45,元/公斤,月度,原表,,,,https://www.nahs.org.cn/jcyj/scxs/202410/t20241011_447899.htm
piglet,仔猪价格,价格,2024-10,36.37,元/公斤,月度,原表,2024年10月份全国仔猪价格（元/公斤）,32.1%,-12.3%,https://www.moa.gov.cn/ztzl/szcpxx/jdsj/2024/202410/
piglet,仔猪价格,价格,2024-11,34.42,元/公斤,月度,官方表转载,2024年11月份全国仔猪价格（元/公斤）,42.0%,-5.4%,https://www.boyar.cn/article/1217874.html
piglet,仔猪价格,价格,2024-12,33.17,元/公斤,月度,原表,,,,https://www.nahs.org.cn/jcyj/scxs/202501/t20250113_452086.htm
piglet,仔猪价格,价格,2025-01,33.97,元/公斤,月度,原表,,,,https://www.nahs.org.cn/jcyj/scxs/202502/t20250217_453025.htm
piglet,仔猪价格,价格,2025-02,36.21,元/公斤,月度,原表,,,,https://www.nahs.org.cn/jcyj/scxs/202503/t20250325_454805.htm
piglet,仔猪价格,价格,2025-03,37.24,元/公斤,月度,原表,,,,https://www.nahs.org.cn/jcyj/scxs/202504/t20250424_456191.htm
piglet,仔猪价格,价格,2025-04,39.16,元/公斤,月度,原表,,,,https://www.nahs.org.cn/jcyj/scxs/202505/t20250514_456937.htm
piglet,仔猪价格,价格,2025-05,39.14,元/公斤,月度,原表,,,,https://www.nahs.org.cn/jcyj/scxs/202506/t20250616_460894.htm
piglet,仔猪价格,价格,2025-06,37.25,元/公斤,月度,原表,,,,https://www.nahs.org.cn/jcyj/scxs/202508/t20250804_463227.htm
piglet,仔猪价格,价格,2025-07,35.73,元/公斤,月度,原表,,,,https://www.nahs.org.cn/jcyj/scxs/202508/t20250818_463512.htm
piglet,仔猪价格,价格,2025-08,33.63,元/公斤,月度,原表,,,,https://www.nahs.org.cn/jcyj/scxs/202509/t20250923_464888.htm
piglet,仔猪价格,价格,2025-09,30.06,元/公斤,月度,原表,,,,https://www.nahs.org.cn/jcyj/scxs/202510/t20251015_465668.htm
piglet,仔猪价格,价格,2025-10,25.8,元/公斤,月度,原表,,,,https://www.nahs.org.cn/jcyj/scxs/202511/t20251118_467768.htm
piglet,仔猪价格,价格,2025-11,24.25,元/公斤,月度,原表,,,,https://www.nahs.org.cn/jcyj/scxs/202512/t20251217_468664.htm
piglet,仔猪价格,价格,2025-12,23.39,元/公斤,月度,原表,,,,https://www.nahs.org.cn/jcyj/scxs/202601/t20260115_469255.htm
piglet,仔猪价格,价格,2026-01,24.99,元/公斤,月度,原表,,,,https://www.nahs.org.cn/jcyj/scxs/202603/t20260324_470301.htm
piglet,仔猪价格,价格,2026-02,27.57,元/公斤,月度,原表,,,,https://www.nahs.org.cn/jcyj/scxs/202603/t20260324_470302.htm
piglet,仔猪价格,价格,2026-03,26.49,元/公斤,月度,原表,,,,https://www.nahs.org.cn/jcyj/scxs/202604/t20260410_471339.htm
piglet,仔猪价格,价格,2026-04,23.5,元/公斤,月度,原表,,,,https://www.nahs.org.cn/jcyj/scxs/202605/t20260519_472251.htm
piglet,仔猪价格,价格,2026-05,23.35,元/公斤,月度,原表,,,,https://www.nahs.org.cn/jcyj/scxs/202606/t20260617_472822.htm
piglet,仔猪价格,价格,2026-06,22.54,元/公斤,月度,原表,,,,https://www.nahs.org.cn/jcyj/scxs/202607/t20260708_473285.htm
piglet,仔猪价格,价格,2026-07,22.64,元/公斤,月度,原表,,,,https://www.nahs.org.cn/jcyj/scxs/202608/t20260814_473946.htm
piglet,仔猪价格,价格,2026-08,21.91,元/公斤,月度,原表,,,,https://www.nahs.org.cn/jcyj/scxs/202609/t20260909_474345.htm
population_annual,年末全国人口,需求,2021-12,141260,万人,年度,官方发布 / 官方转载,统计公报及政府转载的年末值，保留当年发布版本。,,,https://www.stats.gov.cn/sj/zxfb/202302/t20230203_1901393.html
population_annual,年末全国人口,需求,2022-12,141175,万人,年度,官方发布 / 官方转载,统计公报及政府转载的年末值，保留当年发布版本。,,,https://www.ndrc.gov.cn/fgsj/tjsj/jjsjgl1/202301/t20230131_1348088.html
population_annual,年末全国人口,需求,2023-12,140967,万人,年度,官方发布 / 官方转载,统计公报及政府转载的年末值，保留当年发布版本。,,,https://app.www.gov.cn/govdata/gov/202403/01/512478/article.html
population_annual,年末全国人口,需求,2024-12,140828,万人,年度,官方发布 / 官方转载,统计公报及政府转载的年末值，保留当年发布版本。,,,https://www.stats.gov.cn/sj/zxfb/202502/t20250228_1958817.html
population_annual,年末全国人口,需求,2025-12,140489,万人,年度,官方发布 / 官方转载,统计公报及政府转载的年末值，保留当年发布版本。,,,https://www.stats.gov.cn/sj/zxfbhjd/202602/t20260228_1962662.html
pork,猪肉集贸零售价格,价格,2021-01,53.63,元/公斤,月度,原表,,,,https://www.nahs.org.cn/jcyj/jghq/202102/t20210226_371604.htm
pork,猪肉集贸零售价格,价格,2021-02,50.89,元/公斤,月度,原表,,,,https://www.nahs.org.cn/jcyj/jghq/202104/t20210422_376775.htm
pork,猪肉集贸零售价格,价格,2021-03,45.77,元/公斤,月度,原表,,,,https://www.nahs.org.cn/jcyj/jghq/202104/t20210422_376773.htm
pork,猪肉集贸零售价格,价格,2021-04,39.54,元/公斤,月度,原表,,,,https://www.nahs.org.cn/jcyj/jghq/202105/t20210521_378849.htm
pork,猪肉集贸零售价格,价格,2021-05,33.35,元/公斤,月度,原表,,,,https://www.nahs.org.cn/jcyj/jghq/202106/t20210630_381746.htm
pork,猪肉集贸零售价格,价格,2021-06,27.01,元/公斤,月度,原表,,,,https://www.nahs.org.cn/jcyj/jghq/202109/t20210901_386328.htm
pork,猪肉集贸零售价格,价格,2021-07,26.19,元/公斤,月度,原表,,,,https://www.nahs.org.cn/jcyj/jghq/202109/t20210902_386392.htm
pork,猪肉集贸零售价格,价格,2021-08,25.43,元/公斤,月度,官方表转载,2021年8月份县乡集贸市场猪肉零售价格（元/公斤）,-54.6%,-2.9%,https://www.cpcti.com/hangqing/110033.html
pork,猪肉集贸零售价格,价格,2021-12,28.41,元/公斤,月度,原表,2021年12月份县乡集贸市场猪肉零售价格（元/公斤）,-42.8%,3.5%,https://www.moa.gov.cn/ztzl/szcpxx/jdsj/2021/202112/
pork,猪肉集贸零售价格,价格,2022-01,26.74,元/公斤,月度,原表,,,,https://www.nahs.org.cn/jcyj/jghq/202203/t20220307_398774.htm
pork,猪肉集贸零售价格,价格,2022-02,25.27,元/公斤,月度,原表,,,,https://www.nahs.org.cn/jcyj/jghq/202203/t20220307_398775.htm
pork,猪肉集贸零售价格,价格,2022-03,22.96,元/公斤,月度,原表,2022年3月份县乡集贸市场猪肉零售价格（元/公斤）,-49.8%,-9.1%,https://www.moa.gov.cn/ztzl/szcpxx/jdsj/2022/202203/
pork,猪肉集贸零售价格,价格,2022-04,22.91,元/公斤,月度,原表,2022年4月份县乡集贸市场猪肉零售价格（元/公斤）,-42.1%,-0.2%,https://www.moa.gov.cn/ztzl/szcpxx/jdsj/2022/202204/
pork,猪肉集贸零售价格,价格,2022-05,24.96,元/公斤,月度,原表,2022年5月份县乡集贸市场猪肉零售价格（元/公斤）,-25.2%,8.9%,https://www.moa.gov.cn/ztzl/szcpxx/jdsj/2022/202205/
pork,猪肉集贸零售价格,价格,2022-06,26.55,元/公斤,月度,原表,2022年6月份县乡集贸市场猪肉零售价格（元/公斤）,-1.7%,6.4%,https://www.moa.gov.cn/ztzl/szcpxx/jdsj/2022/202206/
pork,猪肉集贸零售价格,价格,2022-07,33.52,元/公斤,月度,原表,2022年7月份县乡集贸市场猪肉零售价格（元/公斤）,28.0%,26.3%,https://www.moa.gov.cn/ztzl/szcpxx/jdsj/2022/202207/
pork,猪肉集贸零售价格,价格,2022-09,35.83,元/公斤,月度,原表,2022年9月份县乡集贸市场猪肉零售价格（元/公斤）,54.2%,5.8%,https://www.moa.gov.cn/ztzl/szcpxx/jdsj/2022/202209/
pork,猪肉集贸零售价格,价格,2022-10,39.69,元/公斤,月度,原表,2022年10月份县乡集贸市场猪肉零售价格（元/公斤）,77.2%,10.8%,https://www.moa.gov.cn/ztzl/szcpxx/jdsj/2022/202210/
pork,猪肉集贸零售价格,价格,2022-11,40.62,元/公斤,月度,原表,2022年11月份县乡集贸市场猪肉零售价格（元/公斤）,48.0%,2.3%,https://www.moa.gov.cn/ztzl/szcpxx/jdsj/2022/202211/
pork,猪肉集贸零售价格,价格,2022-12,35.92,元/公斤,月度,原表,2022年12月份县乡集贸市场猪肉零售价格（元/公斤）,26.4%,-11.6%,https://www.moa.gov.cn/ztzl/szcpxx/jdsj/2022/202212/
pork,猪肉集贸零售价格,价格,2023-01,29.8,元/公斤,月度,原表,2023年1月份县乡集贸市场猪肉零售价格（元/公斤）,11.4%,-17.0%,https://www.moa.gov.cn/ztzl/szcpxx/jdsj/2023/202301/
pork,猪肉集贸零售价格,价格,2023-02,27.11,元/公斤,月度,原表,2023年2月份县乡集贸市场猪肉零售价格（元/公斤）,7.3%,-9.0%,https://www.moa.gov.cn/ztzl/szcpxx/jdsj/2023/202302/
pork,猪肉集贸零售价格,价格,2023-03,26.44,元/公斤,月度,原表,2023年3月份县乡集贸市场猪肉零售价格（元/公斤）,15.2%,-2.5%,https://www.moa.gov.cn/ztzl/szcpxx/jdsj/2023/202303/
pork,猪肉集贸零售价格,价格,2023-04,24.82,元/公斤,月度,官方表转载,2023年4月份县乡集贸市场猪肉零售价格（元/公斤）,8.3%,-6.1%,https://m.boyar.cn/article/1170068.html
pork,猪肉集贸零售价格,价格,2023-05,24.32,元/公斤,月度,官方表转载,2023年5月份县乡集贸市场猪肉零售价格（元/公斤）,-2.6%,-2.0%,https://m.boyar.cn/article/1172606.html
pork,猪肉集贸零售价格,价格,2023-06,23.75,元/公斤,月度,原表,2023年6月份县乡集贸市场猪肉零售价格（元/公斤）,-10.6%,-2.3%,https://www.moa.gov.cn/ztzl/szcpxx/jdsj/2023/202306/
pork,猪肉集贸零售价格,价格,2023-07,23.38,元/公斤,月度,官方表转载,2023年7月份县乡集贸市场猪肉零售价格（元/公斤）,-30.3%,-1.6%,https://m.boyar.cn/article/1177887.html
pork,猪肉集贸零售价格,价格,2023-08,26.66,元/公斤,月度,原表,2023年8月份县乡集贸市场猪肉零售价格（元/公斤）,-21.3%,14.0%,https://www.moa.gov.cn/ztzl/szcpxx/jdsj/2023/202308/
pork,猪肉集贸零售价格,价格,2023-09,26.88,元/公斤,月度,原表,2023年9月份县乡集贸市场猪肉零售价格（元/公斤）,-25.0%,0.8%,https://www.moa.gov.cn/ztzl/szcpxx/jdsj/2023/202309/
pork,猪肉集贸零售价格,价格,2023-12,24.69,元/公斤,月度,原表,2023年12月份县乡集贸市场猪肉零售价格（元/公斤）,-31.3%,-1.1%,https://www.moa.gov.cn/ztzl/szcpxx/jdsj/2023/202312/
pork,猪肉集贸零售价格,价格,2024-01,24.39,元/公斤,月度,原表,2024年1月份县乡集贸市场猪肉零售价格（元/公斤）,-18.2%,-1.2%,https://www.moa.gov.cn/ztzl/szcpxx/jdsj/2024/202401/
pork,猪肉集贸零售价格,价格,2024-02,25.54,元/公斤,月度,原表上月值,来自原表“上月”栏,,,https://www.nahs.org.cn/jcyj/scxs/202405/t20240509_440895.htm
pork,猪肉集贸零售价格,价格,2024-03,24.95,元/公斤,月度,原表,,,,https://www.nahs.org.cn/jcyj/scxs/202405/t20240509_440895.htm
pork,猪肉集贸零售价格,价格,2024-04,25.18,元/公斤,月度,原表,,,,https://www.nahs.org.cn/jcyj/scxs/202405/t20240520_441295.htm
pork,猪肉集贸零售价格,价格,2024-05,25.24,元/公斤,月度,原表,,,,https://www.nahs.org.cn/jcyj/scxs/202406/t20240624_443125.htm
pork,猪肉集贸零售价格,价格,2024-06,28.31,元/公斤,月度,原表,,,,https://www.nahs.org.cn/jcyj/scxs/202407/t20240719_444687.htm
pork,猪肉集贸零售价格,价格,2024-07,29.09,元/公斤,月度,原表,,,,https://www.nahs.org.cn/jcyj/scxs/202408/t20240822_445999.htm
pork,猪肉集贸零售价格,价格,2024-08,31.21,元/公斤,月度,原表,,,,https://www.nahs.org.cn/jcyj/scxs/202409/t20240923_447237.htm
pork,猪肉集贸零售价格,价格,2024-09,31.42,元/公斤,月度,原表,,,,https://www.nahs.org.cn/jcyj/scxs/202410/t20241011_447899.htm
pork,猪肉集贸零售价格,价格,2024-10,29.85,元/公斤,月度,原表,2024年10月份县乡集贸市场猪肉零售价格（元/公斤）,14.7%,-5.0%,https://www.moa.gov.cn/ztzl/szcpxx/jdsj/2024/202410/
pork,猪肉集贸零售价格,价格,2024-11,28.69,元/公斤,月度,官方表转载,2024年11月份县乡集贸市场猪肉零售价格（元/公斤）,14.9%,-3.9%,https://www.boyar.cn/article/1217874.html
pork,猪肉集贸零售价格,价格,2024-12,27.94,元/公斤,月度,原表,,,,https://www.nahs.org.cn/jcyj/scxs/202501/t20250113_452086.htm
pork,猪肉集贸零售价格,价格,2025-01,27.89,元/公斤,月度,原表,,,,https://www.nahs.org.cn/jcyj/scxs/202502/t20250217_453025.htm
pork,猪肉集贸零售价格,价格,2025-02,27.46,元/公斤,月度,原表,,,,https://www.nahs.org.cn/jcyj/scxs/202503/t20250325_454805.htm
pork,猪肉集贸零售价格,价格,2025-03,26.39,元/公斤,月度,原表,,,,https://www.nahs.org.cn/jcyj/scxs/202504/t20250424_456191.htm
pork,猪肉集贸零售价格,价格,2025-04,26.07,元/公斤,月度,原表,,,,https://www.nahs.org.cn/jcyj/scxs/202505/t20250514_456937.htm
pork,猪肉集贸零售价格,价格,2025-05,25.78,元/公斤,月度,原表,,,,https://www.nahs.org.cn/jcyj/scxs/202506/t20250616_460894.htm
pork,猪肉集贸零售价格,价格,2025-06,25.29,元/公斤,月度,原表,,,,https://www.nahs.org.cn/jcyj/scxs/202508/t20250804_463227.htm
pork,猪肉集贸零售价格,价格,2025-07,25.37,元/公斤,月度,原表,,,,https://www.nahs.org.cn/jcyj/scxs/202508/t20250818_463512.htm
pork,猪肉集贸零售价格,价格,2025-08,24.98,元/公斤,月度,原表,,,,https://www.nahs.org.cn/jcyj/scxs/202509/t20250923_464888.htm
pork,猪肉集贸零售价格,价格,2025-09,24.5,元/公斤,月度,原表,,,,https://www.nahs.org.cn/jcyj/scxs/202510/t20251015_465668.htm
pork,猪肉集贸零售价格,价格,2025-10,23.41,元/公斤,月度,原表,,,,https://www.nahs.org.cn/jcyj/scxs/202511/t20251118_467768.htm
pork,猪肉集贸零售价格,价格,2025-11,23.05,元/公斤,月度,原表,,,,https://www.nahs.org.cn/jcyj/scxs/202512/t20251217_468664.htm
pork,猪肉集贸零售价格,价格,2025-12,22.59,元/公斤,月度,原表,,,,https://www.nahs.org.cn/jcyj/scxs/202601/t20260115_469255.htm
pork,猪肉集贸零售价格,价格,2026-01,23.28,元/公斤,月度,原表,,,,https://www.nahs.org.cn/jcyj/scxs/202603/t20260324_470301.htm
pork,猪肉集贸零售价格,价格,2026-02,23.73,元/公斤,月度,原表,,,,https://www.nahs.org.cn/jcyj/scxs/202603/t20260324_470302.htm
pork,猪肉集贸零售价格,价格,2026-03,22.26,元/公斤,月度,原表,,,,https://www.nahs.org.cn/jcyj/scxs/202604/t20260410_471339.htm
pork,猪肉集贸零售价格,价格,2026-04,20.37,元/公斤,月度,原表,,,,https://www.nahs.org.cn/jcyj/scxs/202605/t20260519_472251.htm
pork,猪肉集贸零售价格,价格,2026-05,20.03,元/公斤,月度,原表,,,,https://www.nahs.org.cn/jcyj/scxs/202606/t20260617_472822.htm
pork,猪肉集贸零售价格,价格,2026-06,19.74,元/公斤,月度,原表,,,,https://www.nahs.org.cn/jcyj/scxs/202607/t20260708_473285.htm
pork,猪肉集贸零售价格,价格,2026-07,20.65,元/公斤,月度,原表,,,,https://www.nahs.org.cn/jcyj/scxs/202608/t20260814_473946.htm
pork,猪肉集贸零售价格,价格,2026-08,21.0,元/公斤,月度,原表,,,,https://www.nahs.org.cn/jcyj/scxs/202609/t20260909_474345.htm
pork_annual,全年猪肉产量,供给,2021-12,5296.0,万吨,年度,原表,年度值；历年原始发布版本可能存在后续修订。,,,https://www.stats.gov.cn/sj/sjjd/202302/t20230202_1896581.html
pork_annual,全年猪肉产量,供给,2022-12,5541.0,万吨,年度,原表,年度值；历年原始发布版本可能存在后续修订。,,,https://www.stats.gov.cn/zt_18555/zthd/lhfw/2023/sjjd/202302/t20230219_1913352.html
pork_annual,全年猪肉产量,供给,2023-12,5794.0,万吨,年度,原表,年度值；历年原始发布版本可能存在后续修订。,,,https://www.stats.gov.cn/xxgk/jd/sjjd2020/202401/t20240118_1946723.html
pork_annual,全年猪肉产量,供给,2024-12,5706.0,万吨,年度,原表,年度值；历年原始发布版本可能存在后续修订。,,,https://www.stats.gov.cn/xxgk/jd/sjjd2020/202501/t20250117_1958344.html
pork_annual,全年猪肉产量,供给,2025-12,5938.0,万吨,年度,原表,年度值；历年原始发布版本可能存在后续修订。,,,https://www.stats.gov.cn/sj/zxfbhjd/202601/t20260119_1962332.html
pork_ytd,累计猪肉产量,供给,2021-12,5296.0,万吨,季度累计,原表,2021年猪肉产量（万吨）,28.8%,—,https://www.moa.gov.cn/ztzl/szcpxx/jdsj/2021/202112/
pork_ytd,累计猪肉产量,供给,2022-03,1561.0,万吨,季度累计,原表,2022年1季度猪肉产量（万吨）,14.0%,—,https://www.moa.gov.cn/ztzl/szcpxx/jdsj/2022/202203/
pork_ytd,累计猪肉产量,供给,2022-06,2939.0,万吨,季度累计,原表,2022年上半年猪肉产量（万吨）,8.2%,—,https://www.moa.gov.cn/ztzl/szcpxx/jdsj/2022/202206/
pork_ytd,累计猪肉产量,供给,2022-09,4150.0,万吨,季度累计,原表,2022年前3季度猪肉产量（万吨）,5.9%,—,https://www.moa.gov.cn/ztzl/szcpxx/jdsj/2022/202209/
pork_ytd,累计猪肉产量,供给,2022-12,5541.0,万吨,季度累计,原表,2022年猪肉产量（万吨）,4.6%,—,https://www.moa.gov.cn/ztzl/szcpxx/jdsj/2022/202212/
pork_ytd,累计猪肉产量,供给,2023-03,1590.0,万吨,季度累计,原表,2023年1季度猪肉产量（万吨）,1.9%,—,https://www.moa.gov.cn/ztzl/szcpxx/jdsj/2023/202303/
pork_ytd,累计猪肉产量,供给,2023-06,3032.0,万吨,季度累计,原表,2023年上半年猪肉产量（万吨）,3.2%,—,https://www.moa.gov.cn/ztzl/szcpxx/jdsj/2023/202306/
pork_ytd,累计猪肉产量,供给,2023-09,4301.0,万吨,季度累计,原表,2023年前三季度猪肉产量（万吨）,3.6%,—,https://www.moa.gov.cn/ztzl/szcpxx/jdsj/2023/202309/
pork_ytd,累计猪肉产量,供给,2023-12,5794.0,万吨,季度累计,原表,2023年猪肉产量（万吨）,4.6%,—,https://www.moa.gov.cn/ztzl/szcpxx/jdsj/2023/202312/
pork_ytd,累计猪肉产量,供给,2024-03,1583.0,万吨,季度累计,原表,2024年1季度猪肉产量（万吨）,-0.4%,—,https://www.moa.gov.cn/ztzl/szcpxx/jdsj/2024/202403/
pork_ytd,累计猪肉产量,供给,2024-06,2981.0,万吨,季度累计,原表,2024年上半年猪肉产量（万吨）,-1.7%,—,https://www.moa.gov.cn/ztzl/szcpxx/jdsj/2024/202406/
pork_ytd,累计猪肉产量,供给,2024-09,4240.0,万吨,季度累计,原表,2024年前3季度猪肉产量（万吨）,-1.4%,—,https://www.moa.gov.cn/ztzl/szcpxx/jdsj/2024/202409/
pork_ytd,累计猪肉产量,供给,2024-12,5706.0,万吨,季度累计,原表,2024年猪肉产量（万吨）,-1.5%,—,https://www.moa.gov.cn/ztzl/szcpxx/jdsj/2024/202412/
pork_ytd,累计猪肉产量,供给,2025-03,1602.0,万吨,季度累计,原表,2025年1季度猪肉产量（万吨）,1.2%,—,https://www.moa.gov.cn/ztzl/szcpxx/jdsj/2025/202503/
pork_ytd,累计猪肉产量,供给,2025-06,3020.0,万吨,季度累计,原表,2025年上半年猪肉产量（万吨）,1.3%,—,https://www.moa.gov.cn/ztzl/szcpxx/jdsj/2025/202506/
pork_ytd,累计猪肉产量,供给,2025-09,4368.0,万吨,季度累计,官方表转载,2025年前3季度猪肉产量（万吨）,3.0%,—,https://m.boyar.cn/article/1241943.html
pork_ytd,累计猪肉产量,供给,2025-12,5938.0,万吨,季度累计,官方表转载,2025年猪肉产量（万吨）,4.1%,—,https://www.boyar.cn/article/1248731.html
pork_ytd,累计猪肉产量,供给,2026-06,3119.0,万吨,季度累计,原表,2026年上半年；存栏为二季度末值，出栏及产量为1—6月累计。,3.3%,,https://www.stats.gov.cn/sj/sjjd/202607/t20260716_1964140.html
poultry_annual,全年禽肉产量,需求,2021-12,2380.0,万吨,年度,原表,年度值；历年原始发布版本可能存在后续修订。,,,https://www.stats.gov.cn/sj/sjjd/202302/t20230202_1896581.html
poultry_annual,全年禽肉产量,需求,2022-12,2443.0,万吨,年度,原表,年度值；历年原始发布版本可能存在后续修订。,,,https://www.stats.gov.cn/zt_18555/zthd/lhfw/2023/sjjd/202302/t20230219_1913352.html
poultry_annual,全年禽肉产量,需求,2023-12,2563.0,万吨,年度,原表,年度值；历年原始发布版本可能存在后续修订。,,,https://www.stats.gov.cn/xxgk/jd/sjjd2020/202401/t20240118_1946723.html
poultry_annual,全年禽肉产量,需求,2024-12,2660.0,万吨,年度,原表,年度值；历年原始发布版本可能存在后续修订。,,,https://www.stats.gov.cn/xxgk/jd/sjjd2020/202501/t20250117_1958344.html
poultry_annual,全年禽肉产量,需求,2025-12,2837.0,万吨,年度,原表,年度值；历年原始发布版本可能存在后续修订。,,,https://www.stats.gov.cn/sj/zxfbhjd/202601/t20260119_1962332.html
ratio_mara,猪粮比 · 集贸口径,成本,2021-01,12.7,倍,月度,原表,,,,https://www.nahs.org.cn/jcyj/jghq/202102/t20210226_371604.htm
ratio_mara,猪粮比 · 集贸口径,成本,2021-02,10.81,倍,月度,原表,,,,https://www.nahs.org.cn/jcyj/jghq/202104/t20210422_376775.htm
ratio_mara,猪粮比 · 集贸口径,成本,2021-03,9.6,倍,月度,原表,,,,https://www.nahs.org.cn/jcyj/jghq/202104/t20210422_376773.htm
ratio_mara,猪粮比 · 集贸口径,成本,2021-04,8.2,倍,月度,原表,,,,https://www.nahs.org.cn/jcyj/jghq/202105/t20210521_378849.htm
ratio_mara,猪粮比 · 集贸口径,成本,2021-05,6.7,倍,月度,原表,,,,https://www.nahs.org.cn/jcyj/jghq/202106/t20210630_381746.htm
ratio_mara,猪粮比 · 集贸口径,成本,2021-06,5.2,倍,月度,原表,,,,https://www.nahs.org.cn/jcyj/jghq/202109/t20210901_386328.htm
ratio_mara,猪粮比 · 集贸口径,成本,2021-07,5.3,倍,月度,原表,,,,https://www.nahs.org.cn/jcyj/jghq/202109/t20210902_386392.htm
ratio_mara,猪粮比 · 集贸口径,成本,2021-08,5.17,倍,月度,原表,,,,https://journal.chinafeed.com.cn/EN/abstract/abstract627.shtml
ratio_mara,猪粮比 · 集贸口径,成本,2021-09,4.6,倍,月度,原表,,,,https://journal.chinafeed.com.cn/CN/10.15906/j.cnki.cn11-2975/s.20212001
ratio_mara,猪粮比 · 集贸口径,成本,2021-10,4.57,倍,月度,原表,原报告公布的月度猪粮比。,,,https://journal.chinafeed.com.cn/CN/abstract/abstract770.shtml
ratio_mara,猪粮比 · 集贸口径,成本,2021-11,5.99,倍,月度,原表,,,,https://journal.chinafeed.com.cn/CN/10.15906/j.cnki.cn11-2975/s.20212401
ratio_mara,猪粮比 · 集贸口径,成本,2021-12,6.07,倍,月度,原表,,,,https://journal.chinafeed.com.cn/CN/volumn/volumn_26.shtml
ratio_mara,猪粮比 · 集贸口径,成本,2022-01,5.42,倍,月度,原表,,,,https://www.nahs.org.cn/jcyj/jghq/202203/t20220307_398774.htm
ratio_mara,猪粮比 · 集贸口径,成本,2022-02,4.9,倍,月度,原表,,,,https://www.nahs.org.cn/jcyj/jghq/202203/t20220307_398775.htm
ratio_mara,猪粮比 · 集贸口径,成本,2022-03,4.37,倍,月度,原表,原报告公布的月度猪粮比。,,,https://journal.chinafeed.com.cn/CN/10.15906/j.cnki.cn11-2975/s.20220801
ratio_mara,猪粮比 · 集贸口径,成本,2022-04,4.54,倍,月度,原表,,,,https://journal.chinafeed.com.cn/CN/10.15906/j.cnki.cn11-2975/s.20221001
ratio_mara,猪粮比 · 集贸口径,成本,2022-05,5.15,倍,月度,原表,,,,https://journal.chinafeed.com.cn/CN/abstract/abstract1256.shtml
ratio_mara,猪粮比 · 集贸口径,成本,2022-06,5.52,倍,月度,原表,,,,https://journal.chinafeed.com.cn/CN/10.15906/j.cnki.cn11-2975/s.20221401
ratio_mara,猪粮比 · 集贸口径,成本,2022-07,7.37,倍,月度,原表,,,,https://journal.chinafeed.com.cn/CN/Y2022/V1/I16/2
ratio_mara,猪粮比 · 集贸口径,成本,2022-08,7.25,倍,月度,环比反推,根据后一期月报公布的猪粮比及较上月变化点数反推前期值；原文四舍五入会影响精度。,,,https://journal.chinafeed.com.cn/CN/10.15906/j.cnki.cn11-2975/s.20222001
ratio_mara,猪粮比 · 集贸口径,成本,2022-09,7.82,倍,月度,原表,,,,https://journal.chinafeed.com.cn/CN/10.15906/j.cnki.cn11-2975/s.20222001
ratio_mara,猪粮比 · 集贸口径,成本,2022-10,8.79,倍,月度,原表,原报告公布的月度猪粮比。,,,https://journal.chinafeed.com.cn/CN/volumn/volumn_46.shtml
ratio_mara,猪粮比 · 集贸口径,成本,2022-11,8.49,倍,月度,环比反推,根据后一期月报公布的猪粮比及较上月变化点数反推前期值；原文四舍五入会影响精度。,,,https://journal.chinafeed.com.cn/CN/abstract/abstract1691.shtml
ratio_mara,猪粮比 · 集贸口径,成本,2022-12,6.93,倍,月度,原表,原报告公布的月度猪粮比。,,,https://journal.chinafeed.com.cn/CN/abstract/abstract1691.shtml
ratio_mara,猪粮比 · 集贸口径,成本,2023-01,5.37,倍,月度,原表,,,,https://journal.chinafeed.com.cn/CN/volumn/volumn_52.shtml
ratio_mara,猪粮比 · 集贸口径,成本,2023-02,5.03,倍,月度,原表,,,,https://journal.chinafeed.com.cn/CN/volumn/volumn_54.shtml
ratio_mara,猪粮比 · 集贸口径,成本,2023-03,5.22,倍,月度,原表,,,,https://journal.chinafeed.com.cn/CN/10.15906/j.cnki.cn11-2975/s.20230801
ratio_mara,猪粮比 · 集贸口径,成本,2023-04,4.99,倍,月度,原表,,,,https://journal.chinafeed.com.cn/CN/volumn/volumn_58.shtml
ratio_mara,猪粮比 · 集贸口径,成本,2023-05,4.97,倍,月度,原表,,,,https://journal.chinafeed.com.cn/CN/volumn/volumn_60.shtml
ratio_mara,猪粮比 · 集贸口径,成本,2023-06,4.93,倍,月度,原表,,,,https://journal.chinafeed.com.cn/CN/volumn/volumn_62.shtml
ratio_mara,猪粮比 · 集贸口径,成本,2023-07,4.82,倍,月度,原表,原报告公布的月度猪粮比。,,,https://journal.chinafeed.com.cn/CN/Y2023/V1/I16/2
ratio_mara,猪粮比 · 集贸口径,成本,2023-08,5.62,倍,月度,原表,原报告公布的月度猪粮比。,,,https://journal.chinafeed.com.cn/CN/volumn/volumn_66.shtml
ratio_mara,猪粮比 · 集贸口径,成本,2023-09,5.48,倍,月度,原表,原报告公布的月度猪粮比。,,,https://journal.chinafeed.com.cn/CN/volumn/volumn_68.shtml
ratio_mara,猪粮比 · 集贸口径,成本,2023-10,5.32,倍,月度,原表,,,,https://journal.chinafeed.com.cn/CN/10.15906/j.cnki.cn11-2975/s.20232401
ratio_mara,猪粮比 · 集贸口径,成本,2023-11,5.23,倍,月度,原表,原报告公布的月度猪粮比。,,,https://journal.chinafeed.com.cn/CN/volumn/volumn_73.shtml
ratio_mara,猪粮比 · 集贸口径,成本,2023-12,5.28,倍,月度,原表,原报告公布的月度猪粮比。,,,https://journal.chinafeed.com.cn/CN/abstract/abstract22632.shtml
ratio_mara,猪粮比 · 集贸口径,成本,2024-01,5.34,倍,月度,原表,原报告公布的月度猪粮比。,,,https://journal.chinafeed.com.cn/CN/volumn/volumn_76.shtml
ratio_mara,猪粮比 · 集贸口径,成本,2024-02,5.84,倍,月度,环比反推,根据后一期月报公布的猪粮比及较上月变化点数反推前期值；原文四舍五入会影响精度。,,,https://www.nahs.org.cn/jcyj/scxs/202405/t20240509_440895.htm
ratio_mara,猪粮比 · 集贸口径,成本,2024-03,5.77,倍,月度,原表,,,,https://www.nahs.org.cn/jcyj/scxs/202405/t20240509_440895.htm
ratio_mara,猪粮比 · 集贸口径,成本,2024-04,5.97,倍,月度,原表,,,,https://www.nahs.org.cn/jcyj/scxs/202405/t20240520_441295.htm
ratio_mara,猪粮比 · 集贸口径,成本,2024-05,6.14,倍,月度,原表,,,,https://www.nahs.org.cn/jcyj/scxs/202406/t20240624_443125.htm
ratio_mara,猪粮比 · 集贸口径,成本,2024-06,7.06,倍,月度,原表,,,,https://www.nahs.org.cn/jcyj/scxs/202407/t20240719_444687.htm
ratio_mara,猪粮比 · 集贸口径,成本,2024-07,7.2,倍,月度,原表,,,,https://www.nahs.org.cn/jcyj/scxs/202408/t20240822_445999.htm
ratio_mara,猪粮比 · 集贸口径,成本,2024-08,7.95,倍,月度,原表,,,,https://www.nahs.org.cn/jcyj/scxs/202409/t20240923_447237.htm
ratio_mara,猪粮比 · 集贸口径,成本,2024-09,7.88,倍,月度,原表,,,,https://www.nahs.org.cn/jcyj/scxs/202410/t20241011_447899.htm
ratio_mara,猪粮比 · 集贸口径,成本,2024-11,7.34,倍,月度,环比反推,根据后一期月报公布的猪粮比及较上月变化点数反推前期值；原文四舍五入会影响精度。,,,https://www.nahs.org.cn/jcyj/scxs/202501/t20250113_452086.htm
ratio_mara,猪粮比 · 集贸口径,成本,2024-12,7.17,倍,月度,原表,,,,https://www.nahs.org.cn/jcyj/scxs/202501/t20250113_452086.htm
ratio_mara,猪粮比 · 集贸口径,成本,2025-01,7.29,倍,月度,原表,,,,https://www.nahs.org.cn/jcyj/scxs/202502/t20250217_453025.htm
ratio_mara,猪粮比 · 集贸口径,成本,2025-02,6.99,倍,月度,原表,,,,https://www.nahs.org.cn/jcyj/scxs/202503/t20250325_454805.htm
ratio_mara,猪粮比 · 集贸口径,成本,2025-03,6.54,倍,月度,原表,,,,https://www.nahs.org.cn/jcyj/scxs/202504/t20250424_456191.htm
ratio_mara,猪粮比 · 集贸口径,成本,2025-04,6.39,倍,月度,原表,,,,https://www.nahs.org.cn/jcyj/scxs/202505/t20250514_456937.htm
ratio_mara,猪粮比 · 集贸口径,成本,2025-05,6.15,倍,月度,原表,,,,https://www.nahs.org.cn/jcyj/scxs/202506/t20250616_460894.htm
ratio_mara,猪粮比 · 集贸口径,成本,2025-06,5.94,倍,月度,原表,,,,https://www.nahs.org.cn/jcyj/scxs/202508/t20250804_463227.htm
ratio_mara,猪粮比 · 集贸口径,成本,2025-07,5.96,倍,月度,原表,,,,https://www.nahs.org.cn/jcyj/scxs/202508/t20250818_463512.htm
ratio_mara,猪粮比 · 集贸口径,成本,2025-08,5.74,倍,月度,原表,,,,https://www.nahs.org.cn/jcyj/scxs/202509/t20250923_464888.htm
ratio_mara,猪粮比 · 集贸口径,成本,2025-09,5.55,倍,月度,原表,,,,https://www.nahs.org.cn/jcyj/scxs/202510/t20251015_465668.htm
ratio_mara,猪粮比 · 集贸口径,成本,2025-10,5.11,倍,月度,原表,,,,https://www.nahs.org.cn/jcyj/scxs/202511/t20251118_467768.htm
ratio_mara,猪粮比 · 集贸口径,成本,2025-11,5.16,倍,月度,原表,,,,https://www.nahs.org.cn/jcyj/scxs/202512/t20251217_468664.htm
ratio_mara,猪粮比 · 集贸口径,成本,2025-12,5.01,倍,月度,原表,,,,https://www.nahs.org.cn/jcyj/scxs/202601/t20260115_469255.htm
ratio_mara,猪粮比 · 集贸口径,成本,2026-01,5.36,倍,月度,原表,,,,https://www.nahs.org.cn/jcyj/scxs/202603/t20260324_470301.htm
ratio_mara,猪粮比 · 集贸口径,成本,2026-02,5.23,倍,月度,原表,,,,https://www.nahs.org.cn/jcyj/scxs/202603/t20260324_470302.htm
ratio_mara,猪粮比 · 集贸口径,成本,2026-03,4.54,倍,月度,原表,,,,https://www.nahs.org.cn/jcyj/scxs/202604/t20260410_471339.htm
ratio_mara,猪粮比 · 集贸口径,成本,2026-04,4.03,倍,月度,原表,,,,https://www.nahs.org.cn/jcyj/scxs/202605/t20260519_472251.htm
ratio_mara,猪粮比 · 集贸口径,成本,2026-05,4.06,倍,月度,原表,,,,https://www.nahs.org.cn/jcyj/scxs/202606/t20260617_472822.htm
ratio_mara,猪粮比 · 集贸口径,成本,2026-06,4.05,倍,月度,原表,,,,https://www.nahs.org.cn/jcyj/scxs/202607/t20260708_473285.htm
ratio_mara,猪粮比 · 集贸口径,成本,2026-07,4.52,倍,月度,原表,,,,https://www.nahs.org.cn/jcyj/scxs/202608/t20260814_473946.htm
ratio_mara,猪粮比 · 集贸口径,成本,2026-08,4.62,倍,月度,原表,,,,https://www.nahs.org.cn/jcyj/scxs/202609/t20260909_474345.htm
ratio_ndrc,猪粮比 · 发改委,成本,2021-08,5.66,倍,月度,官方表转载,2021年8月份猪粮比价,-64.2%,-2.7%,https://www.cpcti.com/hangqing/110033.html
ratio_ndrc,猪粮比 · 发改委,成本,2021-12,6.49,倍,月度,原表,2021年12月份猪粮比价,-49.1%,-0.3%,https://www.moa.gov.cn/ztzl/szcpxx/jdsj/2021/202112/
ratio_ndrc,猪粮比 · 发改委,成本,2022-01,5.77,倍,月度,原表,2022年1月份猪粮比价,-54.6%,-11.1%,https://www.moa.gov.cn/ztzl/szcpxx/jdsj/2022/202201/
ratio_ndrc,猪粮比 · 发改委,成本,2022-02,5.13,倍,月度,原表,2022年2月份猪粮比价,-52.0%,-11.1%,https://www.moa.gov.cn/ztzl/szcpxx/jdsj/2022/202202/
ratio_ndrc,猪粮比 · 发改委,成本,2022-03,4.67,倍,月度,原表,2022年3月份猪粮比价,-52.0%,-9.0%,https://www.moa.gov.cn/ztzl/szcpxx/jdsj/2022/202203/
ratio_ndrc,猪粮比 · 发改委,成本,2022-04,4.85,倍,月度,原表,2022年4月份猪粮比价,-44.0%,3.9%,https://www.moa.gov.cn/ztzl/szcpxx/jdsj/2022/202204/
ratio_ndrc,猪粮比 · 发改委,成本,2022-05,5.42,倍,月度,原表,2022年5月份猪粮比价,-26.5%,11.8%,https://www.moa.gov.cn/ztzl/szcpxx/jdsj/2022/202205/
ratio_ndrc,猪粮比 · 发改委,成本,2022-06,5.82,倍,月度,原表,2022年6月份猪粮比价,2.3%,7.4%,https://www.moa.gov.cn/ztzl/szcpxx/jdsj/2022/202206/
ratio_ndrc,猪粮比 · 发改委,成本,2022-07,7.71,倍,月度,原表,2022年7月份猪粮比价,32.5%,32.5%,https://www.moa.gov.cn/ztzl/szcpxx/jdsj/2022/202207/
ratio_ndrc,猪粮比 · 发改委,成本,2022-09,8.43,倍,月度,原表,2022年9月份猪粮比价,66.9%,8.5%,https://www.moa.gov.cn/ztzl/szcpxx/jdsj/2022/202209/
ratio_ndrc,猪粮比 · 发改委,成本,2022-10,9.47,倍,月度,原表,2022年10月份猪粮比价,77.3%,12.3%,https://www.moa.gov.cn/ztzl/szcpxx/jdsj/2022/202210/
ratio_ndrc,猪粮比 · 发改委,成本,2022-11,8.71,倍,月度,原表,2022年11月份猪粮比价,33.8%,-8.0%,https://www.moa.gov.cn/ztzl/szcpxx/jdsj/2022/202211/
ratio_ndrc,猪粮比 · 发改委,成本,2022-12,7.02,倍,月度,原表,2022年12月份猪粮比价,8.2%,-19.4%,https://www.moa.gov.cn/ztzl/szcpxx/jdsj/2022/202212/
ratio_ndrc,猪粮比 · 发改委,成本,2023-01,5.68,倍,月度,原表,2023年1月份猪粮比价,-1.6%,-19.1%,https://www.moa.gov.cn/ztzl/szcpxx/jdsj/2023/202301/
ratio_ndrc,猪粮比 · 发改委,成本,2023-02,5.07,倍,月度,原表,2023年2月份猪粮比价,-1.2%,-10.7%,https://www.moa.gov.cn/ztzl/szcpxx/jdsj/2023/202302/
ratio_ndrc,猪粮比 · 发改委,成本,2023-03,5.33,倍,月度,原表,2023年3月份猪粮比价,14.1%,5.1%,https://www.moa.gov.cn/ztzl/szcpxx/jdsj/2023/202303/
ratio_ndrc,猪粮比 · 发改委,成本,2023-04,5.13,倍,月度,官方表转载,2023年4月份猪粮比价,5.8%,-3.8%,https://m.boyar.cn/article/1170068.html
ratio_ndrc,猪粮比 · 发改委,成本,2023-05,5.17,倍,月度,官方表转载,2023年5月份猪粮比价,-4.6%,0.8%,https://m.boyar.cn/article/1172606.html
ratio_ndrc,猪粮比 · 发改委,成本,2023-06,5.08,倍,月度,原表,2023年6月份猪粮比价,-12.7%,-1.7%,https://www.moa.gov.cn/ztzl/szcpxx/jdsj/2023/202306/
ratio_ndrc,猪粮比 · 发改委,成本,2023-07,4.96,倍,月度,官方表转载,2023年7月份猪粮比价,-35.7%,-2.4%,https://m.boyar.cn/article/1177887.html
ratio_ndrc,猪粮比 · 发改委,成本,2023-08,5.87,倍,月度,原表,2023年8月份猪粮比价,-24.5%,18.3%,https://www.moa.gov.cn/ztzl/szcpxx/jdsj/2023/202308/
ratio_ndrc,猪粮比 · 发改委,成本,2023-09,5.74,倍,月度,原表,2023年9月份猪粮比价,-31.9%,-2.2%,https://www.moa.gov.cn/ztzl/szcpxx/jdsj/2023/202309/
ratio_ndrc,猪粮比 · 发改委,成本,2023-12,5.58,倍,月度,原表,2023年12月份猪粮比价,-20.5%,1.1%,https://www.moa.gov.cn/ztzl/szcpxx/jdsj/2023/202312/
ratio_ndrc,猪粮比 · 发改委,成本,2024-01,5.82,倍,月度,原表,2024年1月份猪粮比价,2.5%,4.3%,https://www.moa.gov.cn/ztzl/szcpxx/jdsj/2024/202401/
ratio_ndrc,猪粮比 · 发改委,成本,2024-03,6.04,倍,月度,原表,2024年3月份猪粮比价,13.3%,-1.0%,https://www.moa.gov.cn/ztzl/szcpxx/jdsj/2024/202403/
ratio_ndrc,猪粮比 · 发改委,成本,2024-04,6.32,倍,月度,原表,2024年4月份猪粮比价,23.2%,4.6%,https://www.moa.gov.cn/ztzl/szcpxx/jdsj/2024/202404/
ratio_ndrc,猪粮比 · 发改委,成本,2024-06,7.47,倍,月度,原表,2024年6月份猪粮比价,47.0%,14.0%,https://www.moa.gov.cn/ztzl/szcpxx/jdsj/2024/202406/
ratio_ndrc,猪粮比 · 发改委,成本,2024-07,7.57,倍,月度,原表,2024年7月份猪粮比价,52.6%,1.3%,https://www.moa.gov.cn/ztzl/szcpxx/jdsj/2024/202407/
ratio_ndrc,猪粮比 · 发改委,成本,2024-08,8.44,倍,月度,官方表转载,2024年8月份猪粮比价,43.8%,11.5%,https://www.boyar.cn/article/1210747.html
ratio_ndrc,猪粮比 · 发改委,成本,2024-09,8.22,倍,月度,原表,2024年9月份猪粮比价,43.2%,-2.6%,https://www.moa.gov.cn/ztzl/szcpxx/jdsj/2024/202409/
ratio_ndrc,猪粮比 · 发改委,成本,2024-10,7.92,倍,月度,原表,2024年10月份猪粮比价,40.4%,-3.6%,https://www.moa.gov.cn/ztzl/szcpxx/jdsj/2024/202410/
ratio_ndrc,猪粮比 · 发改委,成本,2024-11,7.63,倍,月度,官方表转载,2024年11月份猪粮比价,38.2%,-3.7%,https://www.boyar.cn/article/1217874.html
ratio_ndrc,猪粮比 · 发改委,成本,2024-12,7.73,倍,月度,原表,2024年12月份猪粮比价,38.5%,1.3%,https://www.moa.gov.cn/ztzl/szcpxx/jdsj/2024/202412/
ratio_ndrc,猪粮比 · 发改委,成本,2025-01,7.81,倍,月度,原表,2025年1月份猪粮比价,34.2%,1.0%,https://www.moa.gov.cn/ztzl/szcpxx/jdsj/2025/202501/
ratio_ndrc,猪粮比 · 发改委,成本,2025-02,7.32,倍,月度,原表,2025年2月份猪粮比价,20.0%,-6.3%,https://www.moa.gov.cn/ztzl/szcpxx/jdsj/2025/202502/
ratio_ndrc,猪粮比 · 发改委,成本,2025-03,6.83,倍,月度,原表,2025年3月份猪粮比价,13.1%,-6.7%,https://www.moa.gov.cn/ztzl/szcpxx/jdsj/2025/202503/
ratio_ndrc,猪粮比 · 发改委,成本,2025-04,6.69,倍,月度,原表,2025年4月份猪粮比价,5.9%,-2.0%,https://www.moa.gov.cn/ztzl/szcpxx/jdsj/2025/202504/
ratio_ndrc,猪粮比 · 发改委,成本,2025-05,6.38,倍,月度,原表,2025年5月份猪粮比价,-2.6%,-4.6%,https://www.moa.gov.cn/ztzl/szcpxx/jdsj/2025/202505/
ratio_ndrc,猪粮比 · 发改委,成本,2025-06,6.16,倍,月度,原表,2025年6月份猪粮比价,-17.5%,-3.4%,https://www.moa.gov.cn/ztzl/szcpxx/jdsj/2025/202506/
ratio_ndrc,猪粮比 · 发改委,成本,2025-08,5.94,倍,月度,官方表转载,2025年8月份猪粮比价,-29.6%,-3.9%,https://z.nxin.com/Home/InfoDetail/1480689
restaurant_annual,全年餐饮收入,需求,2021-12,46895.0,亿元,年度,原表,全年名义收入；统计调查范围及基期可能修订。,,,https://app.www.gov.cn/govdata/gov/202201/17/480817/article.html
restaurant_annual,全年餐饮收入,需求,2022-12,43941.0,亿元,年度,原表,全年名义收入；统计调查范围及基期可能修订。,,,https://www.stats.gov.cn/xxgk/sjfb/zxfb2020/202301/t20230117_1892127.html
restaurant_annual,全年餐饮收入,需求,2023-12,52890.0,亿元,年度,原表,全年名义收入；统计调查范围及基期可能修订。,,,https://www.stats.gov.cn/sj/zxfb/202402/t20240228_1947915.html
restaurant_annual,全年餐饮收入,需求,2024-12,55718.0,亿元,年度,原表,全年名义收入；统计调查范围及基期可能修订。,,,https://www.stats.gov.cn/xxgk/sjfb/zxfb2020/202501/t20250117_1958327.html
restaurant_annual,全年餐饮收入,需求,2025-12,57982.0,亿元,年度,原表,全年名义收入；统计调查范围及基期可能修订。,,,https://www.stats.gov.cn/xxgk/sjfb/zxfb2020/202601/t20260119_1962323.html
scale_cost,规模养殖每头成本,成本,2021-08,2545.0,元/头,月度,官方表转载,2021年8月份规模养殖生猪每头成本（元）,-15.0%,-2.3%,https://www.cpcti.com/hangqing/110033.html
scale_cost,规模养殖每头成本,成本,2021-12,2049.0,元/头,月度,原表,2021年12月份规模养殖生猪每头成本（元）,-31.0%,-3.9%,https://www.moa.gov.cn/ztzl/szcpxx/jdsj/2021/202112/
scale_cost,规模养殖每头成本,成本,2022-01,1978.0,元/头,月度,原表,2022年1月份规模养殖生猪每头成本（元）,-34.4%,-3.5%,https://www.moa.gov.cn/ztzl/szcpxx/jdsj/2022/202201/
scale_cost,规模养殖每头成本,成本,2022-02,1891.0,元/头,月度,原表,2022年2月份规模养殖生猪每头成本（元）,-36.5%,-4.4%,https://www.moa.gov.cn/ztzl/szcpxx/jdsj/2022/202202/
scale_cost,规模养殖每头成本,成本,2022-03,1898.0,元/头,月度,原表,2022年3月份规模养殖生猪每头成本（元）,-34.2%,0.4%,https://www.moa.gov.cn/ztzl/szcpxx/jdsj/2022/202203/
scale_cost,规模养殖每头成本,成本,2022-04,1933.0,元/头,月度,原表,2022年4月份规模养殖生猪每头成本（元）,-30.3%,1.9%,https://www.moa.gov.cn/ztzl/szcpxx/jdsj/2022/202204/
scale_cost,规模养殖每头成本,成本,2022-05,1970.0,元/头,月度,原表,2022年5月份规模养殖生猪每头成本（元）,-27.4%,1.9%,https://www.moa.gov.cn/ztzl/szcpxx/jdsj/2022/202205/
scale_cost,规模养殖每头成本,成本,2022-06,2002.0,元/头,月度,原表,2022年6月份规模养殖生猪每头成本（元）,-24.9%,1.7%,https://www.moa.gov.cn/ztzl/szcpxx/jdsj/2022/202206/
scale_cost,规模养殖每头成本,成本,2022-07,2027.0,元/头,月度,原表,2022年7月份规模养殖生猪每头成本（元）,-22.2%,1.3%,https://www.moa.gov.cn/ztzl/szcpxx/jdsj/2022/202207/
scale_cost,规模养殖每头成本,成本,2022-09,2140.0,元/头,月度,原表,2022年9月份规模养殖生猪每头成本（元）,-10.8%,3.8%,https://www.moa.gov.cn/ztzl/szcpxx/jdsj/2022/202209/
scale_cost,规模养殖每头成本,成本,2022-10,2232.0,元/头,月度,原表,2022年10月份规模养殖生猪每头成本（元）,0.4%,4.3%,https://www.moa.gov.cn/ztzl/szcpxx/jdsj/2022/202210/
scale_cost,规模养殖每头成本,成本,2022-11,2297.0,元/头,月度,原表,2022年11月份规模养殖生猪每头成本（元）,7.8%,2.9%,https://www.moa.gov.cn/ztzl/szcpxx/jdsj/2022/202211/
scale_cost,规模养殖每头成本,成本,2022-12,2291.0,元/头,月度,原表,2022年12月份规模养殖生猪每头成本（元）,11.8%,-0.3%,https://www.moa.gov.cn/ztzl/szcpxx/jdsj/2022/202212/
scale_cost,规模养殖每头成本,成本,2023-01,2281.0,元/头,月度,原表,2023年1月份规模养殖生猪每头成本（元）,15.3%,-0.5%,https://www.moa.gov.cn/ztzl/szcpxx/jdsj/2023/202301/
scale_cost,规模养殖每头成本,成本,2023-02,2258.0,元/头,月度,原表,2023年2月份规模养殖生猪每头成本（元）,19.4%,-1.0%,https://www.moa.gov.cn/ztzl/szcpxx/jdsj/2023/202302/
scale_cost,规模养殖每头成本,成本,2023-03,2242.0,元/头,月度,原表,2023年3月份规模养殖生猪每头成本（元）,18.1%,-0.7%,https://www.moa.gov.cn/ztzl/szcpxx/jdsj/2023/202303/
scale_cost,规模养殖每头成本,成本,2023-04,2207.0,元/头,月度,官方表转载,2023年4月份规模养殖生猪每头成本（元）,14.2%,-1.5%,https://m.boyar.cn/article/1170068.html
scale_cost,规模养殖每头成本,成本,2023-05,2175.0,元/头,月度,官方表转载,2023年5月份规模养殖生猪每头成本（元）,10.4%,-1.5%,https://m.boyar.cn/article/1172606.html
scale_cost,规模养殖每头成本,成本,2023-06,2153.0,元/头,月度,原表,2023年6月份规模养殖生猪每头成本（元）,7.5%,-1.0%,https://www.moa.gov.cn/ztzl/szcpxx/jdsj/2023/202306/
scale_cost,规模养殖每头成本,成本,2023-07,2120.0,元/头,月度,官方表转载,2023年7月份规模养殖生猪每头成本（元）,4.6%,-1.5%,https://m.boyar.cn/article/1177887.html
scale_cost,规模养殖每头成本,成本,2023-08,2165.0,元/头,月度,原表,2023年8月份规模养殖生猪每头成本（元）,4.9%,2.1%,https://www.moa.gov.cn/ztzl/szcpxx/jdsj/2023/202308/
scale_cost,规模养殖每头成本,成本,2023-09,2160.0,元/头,月度,原表,2023年9月份规模养殖生猪每头成本（元）,1.0%,-0.2%,https://www.moa.gov.cn/ztzl/szcpxx/jdsj/2023/202309/
scale_cost,规模养殖每头成本,成本,2023-12,2097.0,元/头,月度,原表,2023年12月份规模养殖生猪每头成本（元）,-8.5%,-0.3%,https://www.moa.gov.cn/ztzl/szcpxx/jdsj/2023/202312/
scale_cost,规模养殖每头成本,成本,2024-01,2056.0,元/头,月度,原表,2024年1月份规模养殖生猪每头成本（元）,-9.9%,-2.0%,https://www.moa.gov.cn/ztzl/szcpxx/jdsj/2024/202401/
scale_cost,规模养殖每头成本,成本,2024-03,1984.0,元/头,月度,原表,2024年3月份规模养殖生猪每头成本（元）,-11.5%,-0.5%,https://www.moa.gov.cn/ztzl/szcpxx/jdsj/2024/202403/
scale_cost,规模养殖每头成本,成本,2024-04,1968.0,元/头,月度,原表,2024年4月份规模养殖生猪每头成本（元）,-10.8%,-0.8%,https://www.moa.gov.cn/ztzl/szcpxx/jdsj/2024/202404/
scale_cost,规模养殖每头成本,成本,2024-06,1998.0,元/头,月度,原表,2024年6月份规模养殖生猪每头成本（元）,-7.2%,1.9%,https://www.moa.gov.cn/ztzl/szcpxx/jdsj/2024/202406/
scale_cost,规模养殖每头成本,成本,2024-07,2030.0,元/头,月度,原表,2024年7月份规模养殖生猪每头成本（元）,-4.3%,1.6%,https://www.moa.gov.cn/ztzl/szcpxx/jdsj/2024/202407/
scale_cost,规模养殖每头成本,成本,2024-08,2067.0,元/头,月度,官方表转载,2024年8月份规模养殖生猪每头成本（元）,-4.5%,1.8%,https://www.boyar.cn/article/1210747.html
scale_cost,规模养殖每头成本,成本,2024-09,2100.0,元/头,月度,原表,2024年9月份规模养殖生猪每头成本（元）,-2.8%,1.6%,https://www.moa.gov.cn/ztzl/szcpxx/jdsj/2024/202409/
scale_cost,规模养殖每头成本,成本,2024-10,2117.0,元/头,月度,原表,2024年10月份规模养殖生猪每头成本（元）,-0.1%,0.8%,https://www.moa.gov.cn/ztzl/szcpxx/jdsj/2024/202410/
scale_cost,规模养殖每头成本,成本,2024-11,2115.0,元/头,月度,官方表转载,2024年11月份规模养殖生猪每头成本（元）,0.5%,-0.1%,https://www.boyar.cn/article/1217874.html
scale_cost,规模养殖每头成本,成本,2024-12,2123.0,元/头,月度,原表,2024年12月份规模养殖生猪每头成本（元）,1.2%,0.4%,https://www.moa.gov.cn/ztzl/szcpxx/jdsj/2024/202412/
scale_cost,规模养殖每头成本,成本,2025-01,2083.0,元/头,月度,原表,2025年1月份规模养殖生猪每头成本（元）,1.3%,-1.9%,https://www.moa.gov.cn/ztzl/szcpxx/jdsj/2025/202501/
scale_cost,规模养殖每头成本,成本,2025-02,2052.0,元/头,月度,原表,2025年2月份规模养殖生猪每头成本（元）,2.9%,-1.5%,https://www.moa.gov.cn/ztzl/szcpxx/jdsj/2025/202502/
scale_cost,规模养殖每头成本,成本,2025-03,2018.0,元/头,月度,原表,2025年3月份规模养殖生猪每头成本（元）,1.7%,-1.7%,https://www.moa.gov.cn/ztzl/szcpxx/jdsj/2025/202503/
scale_cost,规模养殖每头成本,成本,2025-04,2033.0,元/头,月度,原表,2025年4月份规模养殖生猪每头成本（元）,3.3%,0.7%,https://www.moa.gov.cn/ztzl/szcpxx/jdsj/2025/202504/
scale_cost,规模养殖每头成本,成本,2025-05,2042.0,元/头,月度,原表,2025年5月份规模养殖生猪每头成本（元）,4.2%,0.5%,https://www.moa.gov.cn/ztzl/szcpxx/jdsj/2025/202505/
scale_cost,规模养殖每头成本,成本,2025-06,2053.0,元/头,月度,原表,2025年6月份规模养殖生猪每头成本（元）,2.8%,0.6%,https://www.moa.gov.cn/ztzl/szcpxx/jdsj/2025/202506/
scale_cost,规模养殖每头成本,成本,2025-08,2066.0,元/头,月度,官方表转载,2025年8月份规模养殖生猪每头成本（元）,-0.1%,-0.6%,https://z.nxin.com/Home/InfoDetail/1480689
scale_profit,规模养殖每头净利润,成本,2021-08,-534.0,元/头,月度,官方表转载,2021年8月份规模养殖生猪每头净利润（元）,-130.3%,1.5%,https://www.cpcti.com/hangqing/110033.html
scale_profit,规模养殖每头净利润,成本,2021-12,310.0,元/头,月度,原表,2021年12月份规模养殖生猪每头净利润（元）,-79.2%,6.1%,https://www.moa.gov.cn/ztzl/szcpxx/jdsj/2021/202112/
scale_profit,规模养殖每头净利润,成本,2022-01,47.0,元/头,月度,原表,2022年1月份规模养殖生猪每头净利润（元）,-97.3%,-84.9%,https://www.moa.gov.cn/ztzl/szcpxx/jdsj/2022/202201/
scale_profit,规模养殖每头净利润,成本,2022-02,-124.0,元/头,月度,原表,2022年2月份规模养殖生猪每头净利润（元）,-111.3%,-365.0%,https://www.moa.gov.cn/ztzl/szcpxx/jdsj/2022/202202/
scale_profit,规模养殖每头净利润,成本,2022-03,-244.0,元/头,月度,原表,2022年3月份规模养殖生猪每头净利润（元）,-130.4%,97.2%,https://www.moa.gov.cn/ztzl/szcpxx/jdsj/2022/202203/
scale_profit,规模养殖每头净利润,成本,2022-04,-135.0,元/头,月度,原表,2022年4月份规模养殖生猪每头净利润（元）,-138.8%,-44.8%,https://www.moa.gov.cn/ztzl/szcpxx/jdsj/2022/202204/
scale_profit,规模养殖每头净利润,成本,2022-05,89.0,元/头,月度,原表,2022年5月份规模养殖生猪每头净利润（元）,-156.3%,-165.8%,https://www.moa.gov.cn/ztzl/szcpxx/jdsj/2022/202205/
scale_profit,规模养殖每头净利润,成本,2022-06,187.0,元/头,月度,原表,2022年6月份规模养殖生猪每头净利润（元）,-129.3%,110.2%,https://www.moa.gov.cn/ztzl/szcpxx/jdsj/2022/202206/
scale_profit,规模养殖每头净利润,成本,2022-07,879.0,元/头,月度,原表,2022年7月份规模养殖生猪每头净利润（元）,-267.0%,371.1%,https://www.moa.gov.cn/ztzl/szcpxx/jdsj/2022/202207/
scale_profit,规模养殖每头净利润,成本,2022-09,1042.0,元/头,月度,原表,2022年9月份规模养殖生猪每头净利润（元）,-256.0%,25.5%,https://www.moa.gov.cn/ztzl/szcpxx/jdsj/2022/202209/
scale_profit,规模养殖每头净利润,成本,2022-10,1423.0,元/头,月度,原表,2022年10月份规模养殖生猪每头净利润（元）,-524.7%*,36.6%,https://www.moa.gov.cn/ztzl/szcpxx/jdsj/2022/202210/
scale_profit,规模养殖每头净利润,成本,2022-11,1054.0,元/头,月度,原表,2022年11月份规模养殖生猪每头净利润（元）,260.2%,-25.9%,https://www.moa.gov.cn/ztzl/szcpxx/jdsj/2022/202211/
scale_profit,规模养殖每头净利润,成本,2022-12,474.0,元/头,月度,原表,2022年12月份规模养殖生猪每头净利润（元）,52.4%,-55.1%,https://www.moa.gov.cn/ztzl/szcpxx/jdsj/2022/202212/
scale_profit,规模养殖每头净利润,成本,2023-01,-133.0,元/头,月度,原表,2023年1月份规模养殖生猪每头净利润（元）,-385.6%*,-128.2%*,https://www.moa.gov.cn/ztzl/szcpxx/jdsj/2023/202301/
scale_profit,规模养殖每头净利润,成本,2023-02,-202.0,元/头,月度,原表,2023年2月份规模养殖生猪每头净利润（元）,63.2%*,51.4%*,https://www.moa.gov.cn/ztzl/szcpxx/jdsj/2023/202302/
scale_profit,规模养殖每头净利润,成本,2023-03,-169.0,元/头,月度,原表,2023年3月份规模养殖生猪每头净利润（元）,-30.7%*,-16.2%*,https://www.moa.gov.cn/ztzl/szcpxx/jdsj/2023/202303/
scale_profit,规模养殖每头净利润,成本,2023-04,-243.0,元/头,月度,官方表转载,2023年4月份规模养殖生猪每头净利润（元）,80.1%*,43.6%*,https://m.boyar.cn/article/1170068.html
scale_profit,规模养殖每头净利润,成本,2023-05,-223.0,元/头,月度,官方表转载,2023年5月份规模养殖生猪每头净利润（元）,-351.2%*,-8.2%*,https://m.boyar.cn/article/1172606.html
scale_profit,规模养殖每头净利润,成本,2023-06,-196.0,元/头,月度,原表,2023年6月份规模养殖生猪每头净利润（元）,-205.2%*,-12.0%*,https://www.moa.gov.cn/ztzl/szcpxx/jdsj/2023/202306/
scale_profit,规模养殖每头净利润,成本,2023-07,-191.0,元/头,月度,官方表转载,2023年7月份规模养殖生猪每头净利润（元）,—,—,https://m.boyar.cn/article/1177887.html
scale_profit,规模养殖每头净利润,成本,2023-08,144.0,元/头,月度,原表,2023年8月份规模养殖生猪每头净利润（元）,—,—,https://www.moa.gov.cn/ztzl/szcpxx/jdsj/2023/202308/
scale_profit,规模养殖每头净利润,成本,2023-09,118.0,元/头,月度,原表,2023年9月份规模养殖生猪每头净利润（元）,-88.6%,-17.9%,https://www.moa.gov.cn/ztzl/szcpxx/jdsj/2023/202309/
scale_profit,规模养殖每头净利润,成本,2023-12,-23.0,元/头,月度,原表,2023年12月份规模养殖生猪每头净利润（元）,—,—,https://www.moa.gov.cn/ztzl/szcpxx/jdsj/2023/202312/
scale_profit,规模养殖每头净利润,成本,2024-01,-30.0,元/头,月度,原表,2024年1月份规模养殖生猪每头净利润（元）,—,—,https://www.moa.gov.cn/ztzl/szcpxx/jdsj/2024/202401/
scale_profit,规模养殖每头净利润,成本,2024-03,66.0,元/头,月度,原表,2024年3月份规模养殖生猪每头净利润（元）,—,—,https://www.moa.gov.cn/ztzl/szcpxx/jdsj/2024/202403/
scale_profit,规模养殖每头净利润,成本,2024-04,134.0,元/头,月度,原表,2024年4月份规模养殖生猪每头净利润（元）,—,—,https://www.moa.gov.cn/ztzl/szcpxx/jdsj/2024/202404/
scale_profit,规模养殖每头净利润,成本,2024-06,470.0,元/头,月度,原表,2024年6月份规模养殖生猪每头净利润（元）,—,170.7%,https://www.moa.gov.cn/ztzl/szcpxx/jdsj/2024/202406/
scale_profit,规模养殖每头净利润,成本,2024-07,538.0,元/头,月度,原表,2024年7月份规模养殖生猪每头净利润（元）,—,14.4%,https://www.moa.gov.cn/ztzl/szcpxx/jdsj/2024/202407/
scale_profit,规模养殖每头净利润,成本,2024-08,726.0,元/头,月度,官方表转载,2024年8月份规模养殖生猪每头净利润（元）,403.3%,35.0%,https://www.boyar.cn/article/1210747.html
scale_profit,规模养殖每头净利润,成本,2024-09,581.0,元/头,月度,原表,2024年9月份规模养殖生猪每头净利润（元）,391.0%,-20.0%,https://www.moa.gov.cn/ztzl/szcpxx/jdsj/2024/202409/
scale_profit,规模养殖每头净利润,成本,2024-10,434.0,元/头,月度,原表,2024年10月份规模养殖生猪每头净利润（元）,1241.7%,-25.3%,https://www.moa.gov.cn/ztzl/szcpxx/jdsj/2024/202410/
scale_profit,规模养殖每头净利润,成本,2024-11,289.0,元/头,月度,官方表转载,2024年11月份规模养殖生猪每头净利润（元）,—,-33.4%,https://www.boyar.cn/article/1217874.html
scale_profit,规模养殖每头净利润,成本,2024-12,213.0,元/头,月度,原表,2024年12月份规模养殖生猪每头净利润（元）,—,-26.2%,https://www.moa.gov.cn/ztzl/szcpxx/jdsj/2024/202412/
scale_profit,规模养殖每头净利润,成本,2025-01,215.0,元/头,月度,原表,2025年1月份规模养殖生猪每头净利润（元）,—,0.8%,https://www.moa.gov.cn/ztzl/szcpxx/jdsj/2025/202501/
scale_profit,规模养殖每头净利润,成本,2025-02,131.0,元/头,月度,原表,2025年2月份规模养殖生猪每头净利润（元）,280.0%,-38.9%,https://www.moa.gov.cn/ztzl/szcpxx/jdsj/2025/202502/
scale_profit,规模养殖每头净利润,成本,2025-03,84.0,元/头,月度,原表,2025年3月份规模养殖生猪每头净利润（元）,27.2%,-36.2%,https://www.moa.gov.cn/ztzl/szcpxx/jdsj/2025/202503/
scale_profit,规模养殖每头净利润,成本,2025-04,86.0,元/头,月度,原表,2025年4月份规模养殖生猪每头净利润（元）,-35.7%,2.7%,https://www.moa.gov.cn/ztzl/szcpxx/jdsj/2025/202504/
scale_profit,规模养殖每头净利润,成本,2025-05,49.0,元/头,月度,原表,2025年5月份规模养殖生猪每头净利润（元）,-72.0%,-43.5%,https://www.moa.gov.cn/ztzl/szcpxx/jdsj/2025/202505/
scale_profit,规模养殖每头净利润,成本,2025-06,7.0,元/头,月度,原表,2025年6月份规模养殖生猪每头净利润（元）,-98.6%,-86.4%,https://www.moa.gov.cn/ztzl/szcpxx/jdsj/2025/202506/
scale_profit,规模养殖每头净利润,成本,2025-08,-57.0,元/头,月度,官方表转载,2025年8月份规模养殖生猪每头净利润（元）,—,—,https://z.nxin.com/Home/InfoDetail/1480689
scale_revenue,规模养殖每头产值,成本,2021-08,2011.0,元/头,月度,官方表转载,2021年8月份规模养殖生猪每头产值（元）,-57.8%,-3.3%,https://www.cpcti.com/hangqing/110033.html
scale_revenue,规模养殖每头产值,成本,2021-12,2360.0,元/头,月度,原表,2021年12月份规模养殖生猪每头产值（元）,-47.1%,-2.7%,https://www.moa.gov.cn/ztzl/szcpxx/jdsj/2021/202112/
scale_revenue,规模养殖每头产值,成本,2022-01,2025.0,元/头,月度,原表,2022年1月份规模养殖生猪每头产值（元）,-57.2%,-14.2%,https://www.moa.gov.cn/ztzl/szcpxx/jdsj/2022/202201/
scale_revenue,规模养殖每头产值,成本,2022-02,1767.0,元/头,月度,原表,2022年2月份规模养殖生猪每头产值（元）,-56.7%,-12.7%,https://www.moa.gov.cn/ztzl/szcpxx/jdsj/2022/202202/
scale_revenue,规模养殖每头产值,成本,2022-03,1653.0,元/头,月度,原表,2022年3月份规模养殖生猪每头产值（元）,-55.2%,-6.4%,https://www.moa.gov.cn/ztzl/szcpxx/jdsj/2022/202203/
scale_revenue,规模养殖每头产值,成本,2022-04,1798.0,元/头,月度,原表,2022年4月份规模养殖生猪每头产值（元）,-42.4%,8.8%,https://www.moa.gov.cn/ztzl/szcpxx/jdsj/2022/202204/
scale_revenue,规模养殖每头产值,成本,2022-05,2058.0,元/头,月度,原表,2022年5月份规模养殖生猪每头产值（元）,-19.4%,14.5%,https://www.moa.gov.cn/ztzl/szcpxx/jdsj/2022/202205/
scale_revenue,规模养殖每头产值,成本,2022-06,2189.0,元/头,月度,原表,2022年6月份规模养殖生猪每头产值（元）,8.0%,6.3%,https://www.moa.gov.cn/ztzl/szcpxx/jdsj/2022/202206/
scale_revenue,规模养殖每头产值,成本,2022-07,2907.0,元/头,月度,原表,2022年7月份规模养殖生猪每头产值（元）,39.8%,32.8%,https://www.moa.gov.cn/ztzl/szcpxx/jdsj/2022/202207/
scale_revenue,规模养殖每头产值,成本,2022-09,3182.0,元/头,月度,原表,2022年9月份规模养殖生猪每头产值（元）,83.9%,10.0%,https://www.moa.gov.cn/ztzl/szcpxx/jdsj/2022/202209/
scale_revenue,规模养殖每头产值,成本,2022-10,3655.0,元/头,月度,原表,2022年10月份规模养殖生猪每头产值（元）,93.6%,14.9%,https://www.moa.gov.cn/ztzl/szcpxx/jdsj/2022/202210/
scale_revenue,规模养殖每头产值,成本,2022-11,3351.0,元/头,月度,原表,2022年11月份规模养殖生猪每头产值（元）,38.3%,-8.3%,https://www.moa.gov.cn/ztzl/szcpxx/jdsj/2022/202211/
scale_revenue,规模养殖每头产值,成本,2022-12,2755.0,元/头,月度,原表,2022年12月份规模养殖生猪每头产值（元）,17.1%,-17.5%,https://www.moa.gov.cn/ztzl/szcpxx/jdsj/2022/202212/
scale_revenue,规模养殖每头产值,成本,2023-01,2148.0,元/头,月度,原表,2023年1月份规模养殖生猪每头产值（元）,6.1%,-22.1%,https://www.moa.gov.cn/ztzl/szcpxx/jdsj/2023/202301/
scale_revenue,规模养殖每头产值,成本,2023-02,2056.0,元/头,月度,原表,2023年2月份规模养殖生猪每头产值（元）,16.3%,-4.3%,https://www.moa.gov.cn/ztzl/szcpxx/jdsj/2023/202302/
scale_revenue,规模养殖每头产值,成本,2023-03,2072.0,元/头,月度,原表,2023年3月份规模养殖生猪每头产值（元）,25.3%,0.8%,https://www.moa.gov.cn/ztzl/szcpxx/jdsj/2023/202303/
scale_revenue,规模养殖每头产值,成本,2023-04,1964.0,元/头,月度,官方表转载,2023年4月份规模养殖生猪每头产值（元）,9.2%,-5.2%,https://m.boyar.cn/article/1170068.html
scale_revenue,规模养殖每头产值,成本,2023-05,1951.0,元/头,月度,官方表转载,2023年5月份规模养殖生猪每头产值（元）,-5.2%,-0.7%,https://m.boyar.cn/article/1172606.html
scale_revenue,规模养殖每头产值,成本,2023-06,1956.0,元/头,月度,原表,2023年6月份规模养殖生猪每头产值（元）,-10.6%,0.3%,https://www.moa.gov.cn/ztzl/szcpxx/jdsj/2023/202306/
scale_revenue,规模养殖每头产值,成本,2023-07,1929.0,元/头,月度,官方表转载,2023年7月份规模养殖生猪每头产值（元）,-33.6%,-1.4%,https://m.boyar.cn/article/1177887.html
scale_revenue,规模养殖每头产值,成本,2023-08,2309.0,元/头,月度,原表,2023年8月份规模养殖生猪每头产值（元）,-20.2%,19.7%,https://www.moa.gov.cn/ztzl/szcpxx/jdsj/2023/202308/
scale_revenue,规模养殖每头产值,成本,2023-09,2279.0,元/头,月度,原表,2023年9月份规模养殖生猪每头产值（元）,-28.4%,-1.3%,https://www.moa.gov.cn/ztzl/szcpxx/jdsj/2023/202309/
scale_revenue,规模养殖每头产值,成本,2023-12,2074.0,元/头,月度,原表,2023年12月份规模养殖生猪每头产值（元）,-24.7%,-0.8%,https://www.moa.gov.cn/ztzl/szcpxx/jdsj/2023/202312/
scale_revenue,规模养殖每头产值,成本,2024-01,2026.0,元/头,月度,原表,2024年1月份规模养殖生猪每头产值（元）,-5.6%,-2.3%,https://www.moa.gov.cn/ztzl/szcpxx/jdsj/2024/202401/
scale_revenue,规模养殖每头产值,成本,2024-03,2050.0,元/头,月度,原表,2024年3月份规模养殖生猪每头产值（元）,-1.1%,1.0%,https://www.moa.gov.cn/ztzl/szcpxx/jdsj/2024/202403/
scale_revenue,规模养殖每头产值,成本,2024-04,2102.0,元/头,月度,原表,2024年4月份规模养殖生猪每头产值（元）,7.0%,2.6%,https://www.moa.gov.cn/ztzl/szcpxx/jdsj/2024/202404/
scale_revenue,规模养殖每头产值,成本,2024-06,2468.0,元/头,月度,原表,2024年6月份规模养殖生猪每头产值（元）,26.1%,15.6%,https://www.moa.gov.cn/ztzl/szcpxx/jdsj/2024/202406/
scale_revenue,规模养殖每头产值,成本,2024-07,2567.0,元/头,月度,原表,2024年7月份规模养殖生猪每头产值（元）,33.1%,4.0%,https://www.moa.gov.cn/ztzl/szcpxx/jdsj/2024/202407/
scale_revenue,规模养殖每头产值,成本,2024-08,2784.0,元/头,月度,官方表转载,2024年8月份规模养殖生猪每头产值（元）,21.0%,8.5%,https://www.boyar.cn/article/1210747.html
scale_revenue,规模养殖每头产值,成本,2024-09,2681.0,元/头,月度,原表,2024年9月份规模养殖生猪每头产值（元）,17.7%,-3.7%,https://www.moa.gov.cn/ztzl/szcpxx/jdsj/2024/202409/
scale_revenue,规模养殖每头产值,成本,2024-10,2551.0,元/头,月度,原表,2024年10月份规模养殖生猪每头产值（元）,18.5%,-4.8%,https://www.moa.gov.cn/ztzl/szcpxx/jdsj/2024/202410/
scale_revenue,规模养殖每头产值,成本,2024-11,2404.0,元/头,月度,官方表转载,2024年11月份规模养殖生猪每头产值（元）,15.0%,-5.8%,https://www.boyar.cn/article/1217874.html
scale_revenue,规模养殖每头产值,成本,2024-12,2336.0,元/头,月度,原表,2024年12月份规模养殖生猪每头产值（元）,12.6%,-2.8%,https://www.moa.gov.cn/ztzl/szcpxx/jdsj/2024/202412/
scale_revenue,规模养殖每头产值,成本,2025-01,2298.0,元/头,月度,原表,2025年1月份规模养殖生猪每头产值（元）,13.4%,-1.6%,https://www.moa.gov.cn/ztzl/szcpxx/jdsj/2025/202501/
scale_revenue,规模养殖每头产值,成本,2025-02,2184.0,元/头,月度,原表,2025年2月份规模养殖生猪每头产值（元）,7.6%,-5.0%,https://www.moa.gov.cn/ztzl/szcpxx/jdsj/2025/202502/
scale_revenue,规模养殖每头产值,成本,2025-03,2102.0,元/头,月度,原表,2025年3月份规模养殖生猪每头产值（元）,2.5%,-3.7%,https://www.moa.gov.cn/ztzl/szcpxx/jdsj/2025/202503/
scale_revenue,规模养殖每头产值,成本,2025-04,2119.0,元/头,月度,原表,2025年4月份规模养殖生猪每头产值（元）,0.8%,0.8%,https://www.moa.gov.cn/ztzl/szcpxx/jdsj/2025/202504/
scale_revenue,规模养殖每头产值,成本,2025-05,2091.0,元/头,月度,原表,2025年5月份规模养殖生猪每头产值（元）,-2.0%,-1.3%,https://www.moa.gov.cn/ztzl/szcpxx/jdsj/2025/202505/
scale_revenue,规模养殖每头产值,成本,2025-06,2060.0,元/头,月度,原表,2025年6月份规模养殖生猪每头产值（元）,-16.5%,-1.5%,https://www.moa.gov.cn/ztzl/szcpxx/jdsj/2025/202506/
scale_revenue,规模养殖每头产值,成本,2025-08,2009.0,元/头,月度,官方表转载,2025年8月份规模养殖生猪每头产值（元）,-27.9%,-4.4%,https://z.nxin.com/Home/InfoDetail/1480689
slaughter,规模以上定点屠宰量,供给,2021-08,2329.0,万头,月度,官方表转载,2021年8月份规模以上生猪定点屠宰企业屠宰量（万头）,97.5%,6.1%,https://www.cpcti.com/hangqing/110033.html
slaughter,规模以上定点屠宰量,供给,2021-12,2896.0,万头,月度,原表,2021年12月份规模以上生猪定点屠宰企业屠宰量（万头）,40.6%,9.4%,https://www.moa.gov.cn/ztzl/szcpxx/jdsj/2021/202112/
slaughter,规模以上定点屠宰量,供给,2022-01,2847.0,万头,月度,原表,2022年1月份规模以上生猪定点屠宰企业屠宰量（万头）,45.9%,-1.7%,https://www.moa.gov.cn/ztzl/szcpxx/jdsj/2022/202201/
slaughter,规模以上定点屠宰量,供给,2022-02,1568.0,万头,月度,原表,2022年2月份规模以上生猪定点屠宰企业屠宰量（万头）,10.1%,-44.9%,https://www.moa.gov.cn/ztzl/szcpxx/jdsj/2022/202202/
slaughter,规模以上定点屠宰量,供给,2022-03,2590.0,万头,月度,原表,2022年3月份规模以上生猪定点屠宰企业屠宰量（万头）,71.7%,65.2%,https://www.moa.gov.cn/ztzl/szcpxx/jdsj/2022/202203/
slaughter,规模以上定点屠宰量,供给,2022-04,2738.0,万头,月度,原表,2022年4月份规模以上生猪定点屠宰企业屠宰量（万头）,51.8%,5.7%,https://www.moa.gov.cn/ztzl/szcpxx/jdsj/2022/202204/
slaughter,规模以上定点屠宰量,供给,2022-05,2530.0,万头,月度,原表,2022年5月份规模以上生猪定点屠宰企业屠宰量（万头）,26.8%,-7.6%,https://www.moa.gov.cn/ztzl/szcpxx/jdsj/2022/202205/
slaughter,规模以上定点屠宰量,供给,2022-06,2413.0,万头,月度,原表,2022年6月份规模以上生猪定点屠宰企业屠宰量（万头）,9.7%,-4.6%,https://www.moa.gov.cn/ztzl/szcpxx/jdsj/2022/202206/
slaughter,规模以上定点屠宰量,供给,2022-07,2119.0,万头,月度,原表,2022年7月份规模以上生猪定点屠宰企业屠宰量（万头）,-3.5%,-12.2%,https://www.moa.gov.cn/ztzl/szcpxx/jdsj/2022/202207/
slaughter,规模以上定点屠宰量,供给,2022-09,2109.0,万头,月度,原表,2022年9月份规模以上生猪定点屠宰企业屠宰量（万头）,-15.9%,-2.7%,https://www.moa.gov.cn/ztzl/szcpxx/jdsj/2022/202209/
slaughter,规模以上定点屠宰量,供给,2022-10,2097.0,万头,月度,原表,2022年10月份规模以上生猪定点屠宰企业屠宰量（万头）,-30.6%,-0.6%,https://www.moa.gov.cn/ztzl/szcpxx/jdsj/2022/202210/
slaughter,规模以上定点屠宰量,供给,2022-11,2269.0,万头,月度,原表,2022年11月份规模以上生猪定点屠宰企业屠宰量（万头）,-14.3%,8.2%,https://www.moa.gov.cn/ztzl/szcpxx/jdsj/2022/202211/
slaughter,规模以上定点屠宰量,供给,2022-12,3090.0,万头,月度,原表,2022年12月份规模以上生猪定点屠宰企业屠宰量（万头）,6.7%,36.2%,https://www.moa.gov.cn/ztzl/szcpxx/jdsj/2022/202212/
slaughter,规模以上定点屠宰量,供给,2023-01,2897.0,万头,月度,原表,2023年1月份规模以上生猪定点屠宰企业屠宰量（万头）,1.7%,-6.3%,https://www.moa.gov.cn/ztzl/szcpxx/jdsj/2023/202301/
slaughter,规模以上定点屠宰量,供给,2023-02,2260.0,万头,月度,原表,2023年2月份规模以上生猪定点屠宰企业屠宰量（万头）,44.1%,-22.0%,https://www.moa.gov.cn/ztzl/szcpxx/jdsj/2023/202302/
slaughter,规模以上定点屠宰量,供给,2023-03,2669.0,万头,月度,原表,2023年3月份规模以上生猪定点屠宰企业屠宰量（万头）,3.0%,18.1%,https://www.moa.gov.cn/ztzl/szcpxx/jdsj/2023/202303/
slaughter,规模以上定点屠宰量,供给,2023-04,2863.0,万头,月度,官方表转载,2023年4月份规模以上生猪定点屠宰企业屠宰量（万头）,4.6%,7.3%,https://m.boyar.cn/article/1170068.html
slaughter,规模以上定点屠宰量,供给,2023-05,2807.0,万头,月度,官方表转载,2023年5月份规模以上生猪定点屠宰企业屠宰量（万头）,11.0%,-1.9%,https://m.boyar.cn/article/1172606.html
slaughter,规模以上定点屠宰量,供给,2023-06,2647.0,万头,月度,原表,2023年6月份规模以上生猪定点屠宰企业屠宰量（万头）,9.7%,-5.7%,https://www.moa.gov.cn/ztzl/szcpxx/jdsj/2023/202306/
slaughter,规模以上定点屠宰量,供给,2023-07,2684.0,万头,月度,官方表转载,2023年7月份规模以上生猪定点屠宰企业屠宰量（万头）,26.7%,1.4%,https://m.boyar.cn/article/1177887.html
slaughter,规模以上定点屠宰量,供给,2023-08,2645.0,万头,月度,原表,2023年8月份规模以上生猪定点屠宰企业屠宰量（万头）,22.1%,-1.4%,https://www.moa.gov.cn/ztzl/szcpxx/jdsj/2023/202308/
slaughter,规模以上定点屠宰量,供给,2023-09,2775.0,万头,月度,原表,2023年9月份规模以上生猪定点屠宰企业屠宰量（万头）,31.6%,4.9%,https://www.moa.gov.cn/ztzl/szcpxx/jdsj/2023/202309/
slaughter,规模以上定点屠宰量,供给,2023-12,3978.0,万头,月度,原表,2023年12月份规模以上生猪定点屠宰企业屠宰量（万头）,28.7%,21.3%,https://www.moa.gov.cn/ztzl/szcpxx/jdsj/2023/202312/
slaughter,规模以上定点屠宰量,供给,2024-01,3725.0,万头,月度,原表,2024年1月份规模以上生猪定点屠宰企业屠宰量（万头）,28.6%,-6.4%,https://www.moa.gov.cn/ztzl/szcpxx/jdsj/2024/202401/
slaughter,规模以上定点屠宰量,供给,2024-03,2545.0,万头,月度,原表,2024年3月份规模以上生猪定点屠宰企业屠宰量（万头）,-4.6%,20.9%,https://www.moa.gov.cn/ztzl/szcpxx/jdsj/2024/202403/
slaughter,规模以上定点屠宰量,供给,2024-04,2563.0,万头,月度,原表,2024年4月份规模以上生猪定点屠宰企业屠宰量（万头）,-10.5%,0.7%,https://www.moa.gov.cn/ztzl/szcpxx/jdsj/2024/202404/
slaughter,规模以上定点屠宰量,供给,2024-06,2431.0,万头,月度,原表,2024年6月份规模以上生猪定点屠宰企业屠宰量（万头）,-8.2%,-8.8%,https://www.moa.gov.cn/ztzl/szcpxx/jdsj/2024/202406/
slaughter,规模以上定点屠宰量,供给,2024-07,2428.0,万头,月度,原表,2024年7月份规模以上生猪定点屠宰企业屠宰量（万头）,-9.5%,-0.1%,https://www.moa.gov.cn/ztzl/szcpxx/jdsj/2024/202407/
slaughter,规模以上定点屠宰量,供给,2024-08,2442.0,万头,月度,官方表转载,2024年8月份规模以上生猪定点屠宰企业屠宰量（万头）,-7.7%,0.6%,https://www.boyar.cn/article/1210747.html
slaughter,规模以上定点屠宰量,供给,2024-09,2640.0,万头,月度,原表,2024年9月份规模以上生猪定点屠宰企业屠宰量（万头）,-4.9%,8.1%,https://www.moa.gov.cn/ztzl/szcpxx/jdsj/2024/202409/
slaughter,规模以上定点屠宰量,供给,2024-10,2876.0,万头,月度,原表,2024年10月份规模以上生猪定点屠宰企业屠宰量（万头）,0.3%,8.9%,https://www.moa.gov.cn/ztzl/szcpxx/jdsj/2024/202410/
slaughter,规模以上定点屠宰量,供给,2024-11,3190.0,万头,月度,官方表转载,2024年11月份规模以上生猪定点屠宰企业屠宰量（万头）,-2.7%,10.9%,https://www.boyar.cn/article/1217874.html
slaughter,规模以上定点屠宰量,供给,2024-12,4162.0,万头,月度,原表,2024年12月份规模以上生猪定点屠宰企业屠宰量（万头）,4.6%,30.5%,https://www.moa.gov.cn/ztzl/szcpxx/jdsj/2024/202412/
slaughter,规模以上定点屠宰量,供给,2025-01,3816.0,万头,月度,原表,2025年1月份规模以上生猪定点屠宰企业屠宰量（万头）,2.4%,-8.3%,https://www.moa.gov.cn/ztzl/szcpxx/jdsj/2025/202501/
slaughter,规模以上定点屠宰量,供给,2025-02,2177.0,万头,月度,原表,2025年2月份规模以上生猪定点屠宰企业屠宰量（万头）,3.5%,-43.0%,https://www.moa.gov.cn/ztzl/szcpxx/jdsj/2025/202502/
slaughter,规模以上定点屠宰量,供给,2025-03,3063.0,万头,月度,原表,2025年3月份规模以上生猪定点屠宰企业屠宰量（万头）,20.4%,40.7%,https://www.moa.gov.cn/ztzl/szcpxx/jdsj/2025/202503/
slaughter,规模以上定点屠宰量,供给,2025-04,3077.0,万头,月度,原表,2025年4月份规模以上生猪定点屠宰企业屠宰量（万头）,20.0%,0.5%,https://www.moa.gov.cn/ztzl/szcpxx/jdsj/2025/202504/
slaughter,规模以上定点屠宰量,供给,2025-05,3216.0,万头,月度,原表,2025年5月份规模以上生猪定点屠宰企业屠宰量（万头）,20.6%,4.5%,https://www.moa.gov.cn/ztzl/szcpxx/jdsj/2025/202505/
slaughter,规模以上定点屠宰量,供给,2025-06,3006.0,万头,月度,原表,2025年6月份规模以上生猪定点屠宰企业屠宰量（万头）,23.7%,-6.5%,https://www.moa.gov.cn/ztzl/szcpxx/jdsj/2025/202506/
slaughter_all,全部定点屠宰量,供给,2025-08,3350.0,万头,月度,官方表转载,2025年8月份生猪定点屠宰企业屠宰量（万头）,29.6%,5.8%,https://z.nxin.com/Home/InfoDetail/1480689
slaughter_all,全部定点屠宰量,供给,2025-09,3584.0,万头,月度,官方表转载,2025年9月份生猪定点屠宰企业屠宰量（万头）,28.5%,7.0%,https://m.boyar.cn/article/1241943.html
slaughter_all,全部定点屠宰量,供给,2025-10,3834.0,万头,月度,官方表转载,2025年10月份生猪定点屠宰企业屠宰量（万头）,26.2%,7.0%,https://www.boyar.cn/article/1244270.html
slaughter_all,全部定点屠宰量,供给,2025-12,4891.0,万头,月度,官方表转载,2025年12月份生猪定点屠宰企业屠宰量（万头）,11.2%,23.6%,https://www.boyar.cn/article/1248731.html
slaughter_all,全部定点屠宰量,供给,2026-08,3755.0,万头,月度,原表,2026年8月份生猪定点屠宰企业屠宰量（万头）,12.1%,4.0%,https://www.moa.gov.cn/ztzl/szcpxx/jdsj/2026/202608/
small_cost,散养每头成本,成本,2021-08,2424.0,元/头,月度,官方表转载,2021年8月份散养生猪每头成本（元）,-23.4%,-2.4%,https://www.cpcti.com/hangqing/110033.html
small_cost,散养每头成本,成本,2021-12,2074.0,元/头,月度,原表,2021年12月份散养生猪每头成本（元）,-30.7%,-4.5%,https://www.moa.gov.cn/ztzl/szcpxx/jdsj/2021/202112/
small_cost,散养每头成本,成本,2022-01,2058.0,元/头,月度,原表,2022年1月份散养生猪每头成本（元）,-31.3%,-0.7%,https://www.moa.gov.cn/ztzl/szcpxx/jdsj/2022/202201/
small_cost,散养每头成本,成本,2022-02,1898.0,元/头,月度,原表,2022年2月份散养生猪每头成本（元）,-36.3%,-7.8%,https://www.moa.gov.cn/ztzl/szcpxx/jdsj/2022/202202/
small_cost,散养每头成本,成本,2022-03,1929.0,元/头,月度,原表,2022年3月份散养生猪每头成本（元）,-35.1%,1.7%,https://www.moa.gov.cn/ztzl/szcpxx/jdsj/2022/202203/
small_cost,散养每头成本,成本,2022-04,2010.0,元/头,月度,原表,2022年4月份散养生猪每头成本（元）,-28.5%,4.2%,https://www.moa.gov.cn/ztzl/szcpxx/jdsj/2022/202204/
small_cost,散养每头成本,成本,2022-05,2098.0,元/头,月度,原表,2022年5月份散养生猪每头成本（元）,-20.6%,4.4%,https://www.moa.gov.cn/ztzl/szcpxx/jdsj/2022/202205/
small_cost,散养每头成本,成本,2022-06,2106.0,元/头,月度,原表,2022年6月份散养生猪每头成本（元）,-18.6%,0.4%,https://www.moa.gov.cn/ztzl/szcpxx/jdsj/2022/202206/
small_cost,散养每头成本,成本,2022-07,2098.0,元/头,月度,原表,2022年7月份散养生猪每头成本（元）,-15.6%,-0.4%,https://www.moa.gov.cn/ztzl/szcpxx/jdsj/2022/202207/
small_cost,散养每头成本,成本,2022-09,2243.0,元/头,月度,原表,2022年9月份散养生猪每头成本（元）,-1.6%,3.8%,https://www.moa.gov.cn/ztzl/szcpxx/jdsj/2022/202209/
small_cost,散养每头成本,成本,2022-10,2306.0,元/头,月度,原表,2022年10月份散养生猪每头成本（元）,8.5%,2.8%,https://www.moa.gov.cn/ztzl/szcpxx/jdsj/2022/202210/
small_cost,散养每头成本,成本,2022-11,2367.0,元/头,月度,原表,2022年11月份散养生猪每头成本（元）,9.1%,2.6%,https://www.moa.gov.cn/ztzl/szcpxx/jdsj/2022/202211/
small_cost,散养每头成本,成本,2022-12,2369.0,元/头,月度,原表,2022年12月份散养生猪每头成本（元）,14.2%,0.1%,https://www.moa.gov.cn/ztzl/szcpxx/jdsj/2022/202212/
small_cost,散养每头成本,成本,2023-01,2344.0,元/头,月度,原表,2023年1月份散养生猪每头成本（元）,13.9%,-1.1%,https://www.moa.gov.cn/ztzl/szcpxx/jdsj/2023/202301/
small_cost,散养每头成本,成本,2023-02,2305.0,元/头,月度,原表,2023年2月份散养生猪每头成本（元）,21.4%,-1.6%,https://www.moa.gov.cn/ztzl/szcpxx/jdsj/2023/202302/
small_cost,散养每头成本,成本,2023-03,2260.0,元/头,月度,原表,2023年3月份散养生猪每头成本（元）,17.2%,-1.9%,https://www.moa.gov.cn/ztzl/szcpxx/jdsj/2023/202303/
small_cost,散养每头成本,成本,2023-04,2326.0,元/头,月度,官方表转载,2023年4月份散养生猪每头成本（元）,15.7%,2.9%,https://m.boyar.cn/article/1170068.html
small_cost,散养每头成本,成本,2023-05,2295.0,元/头,月度,官方表转载,2023年5月份散养生猪每头成本（元）,9.4%,-1.3%,https://m.boyar.cn/article/1172606.html
small_cost,散养每头成本,成本,2023-06,2227.0,元/头,月度,原表,2023年6月份散养生猪每头成本（元）,5.7%,-3.0%,https://www.moa.gov.cn/ztzl/szcpxx/jdsj/2023/202306/
small_cost,散养每头成本,成本,2023-07,2223.0,元/头,月度,官方表转载,2023年7月份散养生猪每头成本（元）,6.0%,-0.2%,https://m.boyar.cn/article/1177887.html
small_cost,散养每头成本,成本,2023-08,2276.0,元/头,月度,原表,2023年8月份散养生猪每头成本（元）,5.3%,2.4%,https://www.moa.gov.cn/ztzl/szcpxx/jdsj/2023/202308/
small_cost,散养每头成本,成本,2023-09,2261.0,元/头,月度,原表,2023年9月份散养生猪每头成本（元）,0.8%,-0.6%,https://www.moa.gov.cn/ztzl/szcpxx/jdsj/2023/202309/
small_cost,散养每头成本,成本,2023-12,2160.0,元/头,月度,原表,2023年12月份散养生猪每头成本（元）,-8.8%,-2.0%,https://www.moa.gov.cn/ztzl/szcpxx/jdsj/2023/202312/
small_cost,散养每头成本,成本,2024-01,2135.0,元/头,月度,原表,2024年1月份散养生猪每头成本（元）,-8.9%,-1.2%,https://www.moa.gov.cn/ztzl/szcpxx/jdsj/2024/202401/
small_cost,散养每头成本,成本,2024-03,2056.0,元/头,月度,原表,2024年3月份散养生猪每头成本（元）,-9.1%,-3.7%,https://www.moa.gov.cn/ztzl/szcpxx/jdsj/2024/202403/
small_cost,散养每头成本,成本,2024-04,2109.0,元/头,月度,原表,2024年4月份散养生猪每头成本（元）,-9.3%,2.6%,https://www.moa.gov.cn/ztzl/szcpxx/jdsj/2024/202404/
small_cost,散养每头成本,成本,2024-06,2093.0,元/头,月度,原表,2024年6月份散养生猪每头成本（元）,-6.0%,-1.9%,https://www.moa.gov.cn/ztzl/szcpxx/jdsj/2024/202406/
small_cost,散养每头成本,成本,2024-07,2173.0,元/头,月度,原表,2024年7月份散养生猪每头成本（元）,-2.3%,3.8%,https://www.moa.gov.cn/ztzl/szcpxx/jdsj/2024/202407/
small_cost,散养每头成本,成本,2024-08,2245.0,元/头,月度,官方表转载,2024年8月份散养生猪每头成本（元）,-1.4%,3.3%,https://www.boyar.cn/article/1210747.html
small_cost,散养每头成本,成本,2024-09,2214.0,元/头,月度,原表,2024年9月份散养生猪每头成本（元）,-2.1%,-1.4%,https://www.moa.gov.cn/ztzl/szcpxx/jdsj/2024/202409/
small_cost,散养每头成本,成本,2024-10,2186.0,元/头,月度,原表,2024年10月份散养生猪每头成本（元）,-1.6%,-1.3%,https://www.moa.gov.cn/ztzl/szcpxx/jdsj/2024/202410/
small_cost,散养每头成本,成本,2024-11,2258.0,元/头,月度,官方表转载,2024年11月份散养生猪每头成本（元）,2.5%,3.3%,https://www.boyar.cn/article/1217874.html
small_cost,散养每头成本,成本,2024-12,2264.0,元/头,月度,原表,2024年12月份散养生猪每头成本（元）,4.8%,0.3%,https://www.moa.gov.cn/ztzl/szcpxx/jdsj/2024/202412/
small_cost,散养每头成本,成本,2025-01,2201.0,元/头,月度,原表,2025年1月份散养生猪每头成本（元）,3.1%,-2.8%,https://www.moa.gov.cn/ztzl/szcpxx/jdsj/2025/202501/
small_cost,散养每头成本,成本,2025-02,2168.0,元/头,月度,原表,2025年2月份散养生猪每头成本（元）,1.6%,-1.5%,https://www.moa.gov.cn/ztzl/szcpxx/jdsj/2025/202502/
small_cost,散养每头成本,成本,2025-03,2107.0,元/头,月度,原表,2025年3月份散养生猪每头成本（元）,2.5%,-2.8%,https://www.moa.gov.cn/ztzl/szcpxx/jdsj/2025/202503/
small_cost,散养每头成本,成本,2025-04,2123.0,元/头,月度,原表,2025年4月份散养生猪每头成本（元）,0.7%,0.8%,https://www.moa.gov.cn/ztzl/szcpxx/jdsj/2025/202504/
small_cost,散养每头成本,成本,2025-05,2090.0,元/头,月度,原表,2025年5月份散养生猪每头成本（元）,-2.0%,-1.6%,https://www.moa.gov.cn/ztzl/szcpxx/jdsj/2025/202505/
small_cost,散养每头成本,成本,2025-06,2098.0,元/头,月度,原表,2025年6月份散养生猪每头成本（元）,0.2%,0.4%,https://www.moa.gov.cn/ztzl/szcpxx/jdsj/2025/202506/
small_cost,散养每头成本,成本,2025-08,2145.0,元/头,月度,官方表转载,2025年8月份散养生猪每头成本（元）,-4.4%,-0.2%,https://z.nxin.com/Home/InfoDetail/1480689
small_profit,散养每头净利润,成本,2021-08,-564.0,元/头,月度,官方表转载,2021年8月份散养生猪每头净利润（元）,-139.3%,8.7%,https://www.cpcti.com/hangqing/110033.html
small_profit,散养每头净利润,成本,2021-12,295.0,元/头,月度,原表,2021年12月份散养生猪每头净利润（元）,-79.0%,253.4%,https://www.moa.gov.cn/ztzl/szcpxx/jdsj/2021/202112/
small_profit,散养每头净利润,成本,2022-01,-44.0,元/头,月度,原表,2022年1月份散养生猪每头净利润（元）,-102.7%,-114.9%,https://www.moa.gov.cn/ztzl/szcpxx/jdsj/2022/202201/
small_profit,散养每头净利润,成本,2022-02,-192.0,元/头,月度,原表,2022年2月份散养生猪每头净利润（元）,-122.7%,339.7%,https://www.moa.gov.cn/ztzl/szcpxx/jdsj/2022/202202/
small_profit,散养每头净利润,成本,2022-03,-328.0,元/头,月度,原表,2022年3月份散养生猪每头净利润（元）,-156.7%,70.7%,https://www.moa.gov.cn/ztzl/szcpxx/jdsj/2022/202203/
small_profit,散养每头净利润,成本,2022-04,-237.0,元/头,月度,原表,2022年4月份散养生猪每头净利润（元）,-237.8%,-27.7%,https://www.moa.gov.cn/ztzl/szcpxx/jdsj/2022/202204/
small_profit,散养每头净利润,成本,2022-05,-84.0,元/头,月度,原表,2022年5月份散养生猪每头净利润（元）,-66.0%,-64.8%,https://www.moa.gov.cn/ztzl/szcpxx/jdsj/2022/202205/
small_profit,散养每头净利润,成本,2022-06,27.0,元/头,月度,原表,2022年6月份散养生猪每头净利润（元）,-104.1%,-132.6%,https://www.moa.gov.cn/ztzl/szcpxx/jdsj/2022/202206/
small_profit,散养每头净利润,成本,2022-07,726.0,元/头,月度,原表,2022年7月份散养生猪每头净利润（元）,-239.9%,2562.6%,https://www.moa.gov.cn/ztzl/szcpxx/jdsj/2022/202207/
small_profit,散养每头净利润,成本,2022-09,862.0,元/头,月度,原表,2022年9月份散养生猪每头净利润（元）,-242.9%,29.8%,https://www.moa.gov.cn/ztzl/szcpxx/jdsj/2022/202209/
small_profit,散养每头净利润,成本,2022-10,1246.0,元/头,月度,原表,2022年10月份散养生猪每头净利润（元）,-457.0%*,44.5%,https://www.moa.gov.cn/ztzl/szcpxx/jdsj/2022/202210/
small_profit,散养每头净利润,成本,2022-11,879.0,元/头,月度,原表,2022年11月份散养生猪每头净利润（元）,954.9%,-29.4%,https://www.moa.gov.cn/ztzl/szcpxx/jdsj/2022/202211/
small_profit,散养每头净利润,成本,2022-12,316.0,元/头,月度,原表,2022年12月份散养生猪每头净利润（元）,7.4%,-64.0%,https://www.moa.gov.cn/ztzl/szcpxx/jdsj/2022/202212/
small_profit,散养每头净利润,成本,2023-01,-272.0,元/头,月度,原表,2023年1月份散养生猪每头净利润（元）,521.5%*,-185.9%*,https://www.moa.gov.cn/ztzl/szcpxx/jdsj/2023/202301/
small_profit,散养每头净利润,成本,2023-02,-330.0,元/头,月度,原表,2023年2月份散养生猪每头净利润（元）,71.3%*,21.2%*,https://www.moa.gov.cn/ztzl/szcpxx/jdsj/2023/202302/
small_profit,散养每头净利润,成本,2023-03,-262.0,元/头,月度,原表,2023年3月份散养生猪每头净利润（元）,-20.4%*,-20.8%*,https://www.moa.gov.cn/ztzl/szcpxx/jdsj/2023/202303/
small_profit,散养每头净利润,成本,2023-04,-416.0,元/头,月度,官方表转载,2023年4月份散养生猪每头净利润（元）,75.3%*,59.2%*,https://m.boyar.cn/article/1170068.html
small_profit,散养每头净利润,成本,2023-05,-420.0,元/头,月度,官方表转载,2023年5月份散养生猪每头净利润（元）,403.2%*,1.0%*,https://m.boyar.cn/article/1172606.html
small_profit,散养每头净利润,成本,2023-06,-367.0,元/头,月度,原表,2023年6月份散养生猪每头净利润（元）,-1447.4%*,-12.6%*,https://www.moa.gov.cn/ztzl/szcpxx/jdsj/2023/202306/
small_profit,散养每头净利润,成本,2023-07,-353.0,元/头,月度,官方表转载,2023年7月份散养生猪每头净利润（元）,—,—,https://m.boyar.cn/article/1177887.html
small_profit,散养每头净利润,成本,2023-08,-46.0,元/头,月度,原表,2023年8月份散养生猪每头净利润（元）,—,—,https://www.moa.gov.cn/ztzl/szcpxx/jdsj/2023/202308/
small_profit,散养每头净利润,成本,2023-09,-44.0,元/头,月度,原表,2023年9月份散养生猪每头净利润（元）,—,—,https://www.moa.gov.cn/ztzl/szcpxx/jdsj/2023/202309/
small_profit,散养每头净利润,成本,2023-12,-108.0,元/头,月度,原表,2023年12月份散养生猪每头净利润（元）,—,—,https://www.moa.gov.cn/ztzl/szcpxx/jdsj/2023/202312/
small_profit,散养每头净利润,成本,2024-01,-116.0,元/头,月度,原表,2024年1月份散养生猪每头净利润（元）,—,—,https://www.moa.gov.cn/ztzl/szcpxx/jdsj/2024/202401/
small_profit,散养每头净利润,成本,2024-03,-70.0,元/头,月度,原表,2024年3月份散养生猪每头净利润（元）,—,—,https://www.moa.gov.cn/ztzl/szcpxx/jdsj/2024/202403/
small_profit,散养每头净利润,成本,2024-04,-21.0,元/头,月度,原表,2024年4月份散养生猪每头净利润（元）,—,—,https://www.moa.gov.cn/ztzl/szcpxx/jdsj/2024/202404/
small_profit,散养每头净利润,成本,2024-06,251.0,元/头,月度,原表,2024年6月份散养生猪每头净利润（元）,—,843.3%,https://www.moa.gov.cn/ztzl/szcpxx/jdsj/2024/202406/
small_profit,散养每头净利润,成本,2024-07,307.0,元/头,月度,原表,2024年7月份散养生猪每头净利润（元）,—,22.5%,https://www.moa.gov.cn/ztzl/szcpxx/jdsj/2024/202407/
small_profit,散养每头净利润,成本,2024-08,565.0,元/头,月度,官方表转载,2024年8月份散养生猪每头净利润（元）,—,84.0%,https://www.boyar.cn/article/1210747.html
small_profit,散养每头净利润,成本,2024-09,434.0,元/头,月度,原表,2024年9月份散养生猪每头净利润（元）,—,-23.3%,https://www.moa.gov.cn/ztzl/szcpxx/jdsj/2024/202409/
small_profit,散养每头净利润,成本,2024-10,334.0,元/头,月度,原表,2024年10月份散养生猪每头净利润（元）,—,-23.0%,https://www.moa.gov.cn/ztzl/szcpxx/jdsj/2024/202410/
small_profit,散养每头净利润,成本,2024-11,189.0,元/头,月度,官方表转载,2024年11月份散养生猪每头净利润（元）,—,-43.2%,https://www.boyar.cn/article/1217874.html
small_profit,散养每头净利润,成本,2024-12,119.0,元/头,月度,原表,2024年12月份散养生猪每头净利润（元）,—,-37.0%,https://www.moa.gov.cn/ztzl/szcpxx/jdsj/2024/202412/
small_profit,散养每头净利润,成本,2025-01,189.0,元/头,月度,原表,2025年1月份散养生猪每头净利润（元）,—,58.3%,https://www.moa.gov.cn/ztzl/szcpxx/jdsj/2025/202501/
small_profit,散养每头净利润,成本,2025-02,75.0,元/头,月度,原表,2025年2月份散养生猪每头净利润（元）,—,-60.1%,https://www.moa.gov.cn/ztzl/szcpxx/jdsj/2025/202502/
small_profit,散养每头净利润,成本,2025-03,54.0,元/头,月度,原表,2025年3月份散养生猪每头净利润（元）,—,-29.0%,https://www.moa.gov.cn/ztzl/szcpxx/jdsj/2025/202503/
small_profit,散养每头净利润,成本,2025-04,50.0,元/头,月度,原表,2025年4月份散养生猪每头净利润（元）,—,-6.9%,https://www.moa.gov.cn/ztzl/szcpxx/jdsj/2025/202504/
small_profit,散养每头净利润,成本,2025-05,21.0,元/头,月度,原表,2025年5月份散养生猪每头净利润（元）,-21.1%,-58.0%,https://www.moa.gov.cn/ztzl/szcpxx/jdsj/2025/202505/
small_profit,散养每头净利润,成本,2025-06,-6.0,元/头,月度,原表,2025年6月份散养生猪每头净利润（元）,—,—,https://www.moa.gov.cn/ztzl/szcpxx/jdsj/2025/202506/
small_profit,散养每头净利润,成本,2025-08,-109.0,元/头,月度,官方表转载,2025年8月份散养生猪每头净利润（元）,—,—,https://z.nxin.com/Home/InfoDetail/1480689
small_revenue,散养每头产值,成本,2021-08,1860.0,元/头,月度,官方表转载,2021年8月份散养生猪每头产值（元）,-59.6%,-5.4%,https://www.cpcti.com/hangqing/110033.html
small_revenue,散养每头产值,成本,2021-12,2368.0,元/头,月度,原表,2021年12月份散养生猪每头产值（元）,-46.1%,5.1%,https://www.moa.gov.cn/ztzl/szcpxx/jdsj/2021/202112/
small_revenue,散养每头产值,成本,2022-01,2015.0,元/头,月度,原表,2022年1月份散养生猪每头产值（元）,-56.2%,-14.9%,https://www.moa.gov.cn/ztzl/szcpxx/jdsj/2022/202201/
small_revenue,散养每头产值,成本,2022-02,1706.0,元/头,月度,原表,2022年2月份散养生猪每头产值（元）,-55.4%,-15.3%,https://www.moa.gov.cn/ztzl/szcpxx/jdsj/2022/202202/
small_revenue,散养每头产值,成本,2022-03,1601.0,元/头,月度,原表,2022年3月份散养生猪每头产值（元）,-54.9%,-6.1%,https://www.moa.gov.cn/ztzl/szcpxx/jdsj/2022/202203/
small_revenue,散养每头产值,成本,2022-04,1772.0,元/头,月度,原表,2022年4月份散养生猪每头产值（元）,-40.6%,10.7%,https://www.moa.gov.cn/ztzl/szcpxx/jdsj/2022/202204/
small_revenue,散养每头产值,成本,2022-05,2014.0,元/头,月度,原表,2022年5月份散养生猪每头产值（元）,-16.0%,13.7%,https://www.moa.gov.cn/ztzl/szcpxx/jdsj/2022/202205/
small_revenue,散养每头产值,成本,2022-06,2133.0,元/头,月度,原表,2022年6月份散养生猪每头产值（元）,10.9%,5.9%,https://www.moa.gov.cn/ztzl/szcpxx/jdsj/2022/202206/
small_revenue,散养每头产值,成本,2022-07,2823.0,元/头,月度,原表,2022年7月份散养生猪每头产值（元）,43.7%,32.3%,https://www.moa.gov.cn/ztzl/szcpxx/jdsj/2022/202207/
small_revenue,散养每头产值,成本,2022-09,3105.0,元/头,月度,原表,2022年9月份散养生猪每头产值（元）,85.4%,9.9%,https://www.moa.gov.cn/ztzl/szcpxx/jdsj/2022/202209/
small_revenue,散养每头产值,成本,2022-10,3552.0,元/头,月度,原表,2022年10月份散养生猪每头产值（元）,99.9%,14.4%,https://www.moa.gov.cn/ztzl/szcpxx/jdsj/2022/202210/
small_revenue,散养每头产值,成本,2022-11,3247.0,元/头,月度,原表,2022年11月份散养生猪每头产值（元）,44.0%,-8.6%,https://www.moa.gov.cn/ztzl/szcpxx/jdsj/2022/202211/
small_revenue,散养每头产值,成本,2022-12,2685.0,元/头,月度,原表,2022年12月份散养生猪每头产值（元）,13.4%,-17.3%,https://www.moa.gov.cn/ztzl/szcpxx/jdsj/2022/202212/
small_revenue,散养每头产值,成本,2023-01,2072.0,元/头,月度,原表,2023年1月份散养生猪每头产值（元）,2.8%,-22.9%,https://www.moa.gov.cn/ztzl/szcpxx/jdsj/2023/202301/
small_revenue,散养每头产值,成本,2023-02,1975.0,元/头,月度,原表,2023年2月份散养生猪每头产值（元）,15.8%,-4.6%,https://www.moa.gov.cn/ztzl/szcpxx/jdsj/2023/202302/
small_revenue,散养每头产值,成本,2023-03,1999.0,元/头,月度,原表,2023年3月份散养生猪每头产值（元）,24.9%,1.2%,https://www.moa.gov.cn/ztzl/szcpxx/jdsj/2023/202303/
small_revenue,散养每头产值,成本,2023-04,1910.0,元/头,月度,官方表转载,2023年4月份散养生猪每头产值（元）,7.8%,-4.4%,https://m.boyar.cn/article/1170068.html
small_revenue,散养每头产值,成本,2023-05,1874.0,元/头,月度,官方表转载,2023年5月份散养生猪每头产值（元）,-6.9%,-1.9%,https://m.boyar.cn/article/1172606.html
small_revenue,散养每头产值,成本,2023-06,1859.0,元/头,月度,原表,2023年6月份散养生猪每头产值（元）,-12.8%,-0.8%,https://www.moa.gov.cn/ztzl/szcpxx/jdsj/2023/202306/
small_revenue,散养每头产值,成本,2023-07,1870.0,元/头,月度,官方表转载,2023年7月份散养生猪每头产值（元）,-33.8%,0.6%,https://m.boyar.cn/article/1177887.html
small_revenue,散养每头产值,成本,2023-08,2230.0,元/头,月度,原表,2023年8月份散养生猪每头产值（元）,-21.1%,19.2%,https://www.moa.gov.cn/ztzl/szcpxx/jdsj/2023/202308/
small_revenue,散养每头产值,成本,2023-09,2217.0,元/头,月度,原表,2023年9月份散养生猪每头产值（元）,-28.6%,-0.6%,https://www.moa.gov.cn/ztzl/szcpxx/jdsj/2023/202309/
small_revenue,散养每头产值,成本,2023-12,2051.0,元/头,月度,原表,2023年12月份散养生猪每头产值（元）,-23.6%,-0.5%,https://www.moa.gov.cn/ztzl/szcpxx/jdsj/2023/202312/
small_revenue,散养每头产值,成本,2024-01,2018.0,元/头,月度,原表,2024年1月份散养生猪每头产值（元）,-2.6%,-1.6%,https://www.moa.gov.cn/ztzl/szcpxx/jdsj/2024/202401/
small_revenue,散养每头产值,成本,2024-03,1986.0,元/头,月度,原表,2024年3月份散养生猪每头产值（元）,-0.6%,-3.1%,https://www.moa.gov.cn/ztzl/szcpxx/jdsj/2024/202403/
small_revenue,散养每头产值,成本,2024-04,2088.0,元/头,月度,原表,2024年4月份散养生猪每头产值（元）,9.3%,5.1%,https://www.moa.gov.cn/ztzl/szcpxx/jdsj/2024/202404/
small_revenue,散养每头产值,成本,2024-06,2344.0,元/头,月度,原表,2024年6月份散养生猪每头产值（元）,26.1%,8.5%,https://www.moa.gov.cn/ztzl/szcpxx/jdsj/2024/202406/
small_revenue,散养每头产值,成本,2024-07,2480.0,元/头,月度,原表,2024年7月份散养生猪每头产值（元）,32.6%,5.8%,https://www.moa.gov.cn/ztzl/szcpxx/jdsj/2024/202407/
small_revenue,散养每头产值,成本,2024-08,2810.0,元/头,月度,官方表转载,2024年8月份散养生猪每头产值（元）,26.0%,13.3%,https://www.boyar.cn/article/1210747.html
small_revenue,散养每头产值,成本,2024-09,2648.0,元/头,月度,原表,2024年9月份散养生猪每头产值（元）,19.4%,-5.8%,https://www.moa.gov.cn/ztzl/szcpxx/jdsj/2024/202409/
small_revenue,散养每头产值,成本,2024-10,2519.0,元/头,月度,原表,2024年10月份散养生猪每头产值（元）,19.0%,-4.9%,https://www.moa.gov.cn/ztzl/szcpxx/jdsj/2024/202410/
small_revenue,散养每头产值,成本,2024-11,2447.0,元/头,月度,官方表转载,2024年11月份散养生猪每头产值（元）,18.7%,-2.9%,https://www.boyar.cn/article/1217874.html
small_revenue,散养每头产值,成本,2024-12,2384.0,元/头,月度,原表,2024年12月份散养生猪每头产值（元）,16.2%,-2.6%,https://www.moa.gov.cn/ztzl/szcpxx/jdsj/2024/202412/
small_revenue,散养每头产值,成本,2025-01,2390.0,元/头,月度,原表,2025年1月份散养生猪每头产值（元）,18.4%,0.3%,https://www.moa.gov.cn/ztzl/szcpxx/jdsj/2025/202501/
small_revenue,散养每头产值,成本,2025-02,2244.0,元/头,月度,原表,2025年2月份散养生猪每头产值（元）,9.5%,-6.1%,https://www.moa.gov.cn/ztzl/szcpxx/jdsj/2025/202502/
small_revenue,散养每头产值,成本,2025-03,2160.0,元/头,月度,原表,2025年3月份散养生猪每头产值（元）,8.8%,-3.7%,https://www.moa.gov.cn/ztzl/szcpxx/jdsj/2025/202503/
small_revenue,散养每头产值,成本,2025-04,2173.0,元/头,月度,原表,2025年4月份散养生猪每头产值（元）,4.1%,0.6%,https://www.moa.gov.cn/ztzl/szcpxx/jdsj/2025/202504/
small_revenue,散养每头产值,成本,2025-05,2111.0,元/头,月度,原表,2025年5月份散养生猪每头产值（元）,-2.3%,-2.9%,https://www.moa.gov.cn/ztzl/szcpxx/jdsj/2025/202505/
small_revenue,散养每头产值,成本,2025-06,2092.0,元/头,月度,原表,2025年6月份散养生猪每头产值（元）,-10.7%,-0.9%,https://www.moa.gov.cn/ztzl/szcpxx/jdsj/2025/202506/
small_revenue,散养每头产值,成本,2025-08,2036.0,元/头,月度,官方表转载,2025年8月份散养生猪每头产值（元）,-27.6%,-5.6%,https://z.nxin.com/Home/InfoDetail/1480689
sows,能繁母猪存栏,供给,2021-12,4329.0,万头,月度,原表,2021年4季度末能繁母猪存栏（万头）,,,https://www.moa.gov.cn/ztzl/szcpxx/jdsj/2021/202112/
sows,能繁母猪存栏,供给,2022-01,4290.0,万头,月度,原表,非季末定点监测推算；2022年1月末能繁母猪存栏（万头）,,,https://www.moa.gov.cn/ztzl/szcpxx/jdsj/2022/202201/
sows,能繁母猪存栏,供给,2022-02,4268.0,万头,月度,原表,非季末定点监测推算；2022年2月末能繁母猪存栏（万头）,,,https://www.moa.gov.cn/ztzl/szcpxx/jdsj/2022/202202/
sows,能繁母猪存栏,供给,2022-03,4185.0,万头,月度,原表,2022年1季度末能繁母猪存栏（万头）,,,https://www.moa.gov.cn/ztzl/szcpxx/jdsj/2022/202203/
sows,能繁母猪存栏,供给,2022-04,4177.0,万头,月度,原表,非季末定点监测推算；2022年4月末能繁母猪存栏（万头）,,,https://www.moa.gov.cn/ztzl/szcpxx/jdsj/2022/202204/
sows,能繁母猪存栏,供给,2022-05,4192.0,万头,月度,原表,非季末定点监测推算；2022年5月末能繁母猪存栏（万头）,,,https://www.moa.gov.cn/ztzl/szcpxx/jdsj/2022/202205/
sows,能繁母猪存栏,供给,2022-06,4277.0,万头,月度,原表,2022年2季度末能繁母猪存栏（万头）,,,https://www.moa.gov.cn/ztzl/szcpxx/jdsj/2022/202206/
sows,能繁母猪存栏,供给,2022-07,4298.0,万头,月度,原表,非季末定点监测推算；2022年7月末能繁母猪存栏（万头）,,,https://www.moa.gov.cn/ztzl/szcpxx/jdsj/2022/202207/
sows,能繁母猪存栏,供给,2022-09,4362.0,万头,月度,原表,2022年3季度末能繁母猪存栏（万头）,,,https://www.moa.gov.cn/ztzl/szcpxx/jdsj/2022/202209/
sows,能繁母猪存栏,供给,2022-10,4379.0,万头,月度,原表,非季末定点监测推算；2022年10月末能繁母猪存栏（万头）,,,https://www.moa.gov.cn/ztzl/szcpxx/jdsj/2022/202210/
sows,能繁母猪存栏,供给,2022-11,4388.0,万头,月度,原表,非季末定点监测推算；2022年11月末能繁母猪存栏（万头）,,,https://www.moa.gov.cn/ztzl/szcpxx/jdsj/2022/202211/
sows,能繁母猪存栏,供给,2022-12,4390.0,万头,月度,原表,2022年4季度末能繁母猪存栏（万头）,,,https://www.moa.gov.cn/ztzl/szcpxx/jdsj/2022/202212/
sows,能繁母猪存栏,供给,2023-01,4367.0,万头,月度,原表,非季末定点监测推算；2023年1月末能繁母猪存栏（万头）,,,https://www.moa.gov.cn/ztzl/szcpxx/jdsj/2023/202301/
sows,能繁母猪存栏,供给,2023-02,4343.0,万头,月度,原表,非季末定点监测推算；2023年2月末能繁母猪存栏（万头）,,,https://www.moa.gov.cn/ztzl/szcpxx/jdsj/2023/202302/
sows,能繁母猪存栏,供给,2023-03,4305.0,万头,月度,原表,2023年1季度末能繁母猪存栏（万头）,2.9%,-1.9%,https://www.moa.gov.cn/ztzl/szcpxx/jdsj/2023/202303/
sows,能繁母猪存栏,供给,2023-04,4284.0,万头,月度,官方表转载,非季末定点监测推算；2023年4月末能繁母猪存栏（万头）,2.6%,-0.5%,https://m.boyar.cn/article/1170068.html
sows,能繁母猪存栏,供给,2023-05,4258.0,万头,月度,官方表转载,非季末定点监测推算；2023年5月末能繁母猪存栏（万头）,1.6%,-0.6%,https://m.boyar.cn/article/1172606.html
sows,能繁母猪存栏,供给,2023-06,4296.0,万头,月度,原表,2023年2季度末能繁母猪存栏（万头）,0.5%,-0.2%,https://www.moa.gov.cn/ztzl/szcpxx/jdsj/2023/202306/
sows,能繁母猪存栏,供给,2023-07,4271.0,万头,月度,官方表转载,非季末定点监测推算；2023年7月末能繁母猪存栏（万头）,-0.6%,-0.6%,https://m.boyar.cn/article/1177887.html
sows,能繁母猪存栏,供给,2023-08,4241.0,万头,月度,原表,非季末定点监测推算；2023年8月末能繁母猪存栏（万头）,-1.9%,-0.7%,https://www.moa.gov.cn/ztzl/szcpxx/jdsj/2023/202308/
sows,能繁母猪存栏,供给,2023-09,4240.0,万头,月度,原表,2023年三季度末能繁母猪存栏（万头）,-2.8%,-1.3%,https://www.moa.gov.cn/ztzl/szcpxx/jdsj/2023/202309/
sows,能繁母猪存栏,供给,2023-12,4142.0,万头,月度,原表,2023年4季度末能繁母猪存栏（万头）,-5.7%,-2.3%,https://www.moa.gov.cn/ztzl/szcpxx/jdsj/2023/202312/
sows,能繁母猪存栏,供给,2024-01,4067.0,万头,月度,原表,非季末定点监测推算；2024年1月末能繁母猪存栏（万头）,-6.9%,-1.8%,https://www.moa.gov.cn/ztzl/szcpxx/jdsj/2024/202401/
sows,能繁母猪存栏,供给,2024-03,3992.0,万头,月度,原表,2024年1季度末能繁母猪存栏（万头）,-7.3%,-3.6%,https://www.moa.gov.cn/ztzl/szcpxx/jdsj/2024/202403/
sows,能繁母猪存栏,供给,2024-04,3986.0,万头,月度,原表,非季末定点监测推算；2024年4月末能繁母猪存栏（万头）,-6.9%,-0.1%,https://www.moa.gov.cn/ztzl/szcpxx/jdsj/2024/202404/
sows,能繁母猪存栏,供给,2024-06,4038.0,万头,月度,原表,2024年2季度末能繁母猪存栏（万头）,,,https://www.moa.gov.cn/ztzl/szcpxx/jdsj/2024/202406/
sows,能繁母猪存栏,供给,2024-07,4041.0,万头,月度,原表,非季末定点监测推算；2024年7月末能繁母猪存栏（万头）,,,https://www.moa.gov.cn/ztzl/szcpxx/jdsj/2024/202407/
sows,能繁母猪存栏,供给,2024-08,4036.0,万头,月度,官方表转载,非季末定点监测推算；2024年8月末能繁母猪存栏（万头）,-4.8%,-0.1%,https://www.boyar.cn/article/1210747.html
sows,能繁母猪存栏,供给,2024-09,4062.0,万头,月度,原表,2024年3季度末能繁母猪存栏（万头）,,,https://www.moa.gov.cn/ztzl/szcpxx/jdsj/2024/202409/
sows,能繁母猪存栏,供给,2024-10,4073.0,万头,月度,原表,非季末定点监测推算；2024年10月末能繁母猪存栏（万头）,,,https://www.moa.gov.cn/ztzl/szcpxx/jdsj/2024/202410/
sows,能繁母猪存栏,供给,2024-11,4080.0,万头,月度,官方表转载,非季末定点监测推算；2024年11月末能繁母猪存栏（万头）,-1.9%,0.2%,https://www.boyar.cn/article/1217874.html
sows,能繁母猪存栏,供给,2024-12,4078.0,万头,月度,原表,2024年4季度末能繁母猪存栏（万头）,,,https://www.moa.gov.cn/ztzl/szcpxx/jdsj/2024/202412/
sows,能繁母猪存栏,供给,2025-01,4062.0,万头,月度,原表,非季末定点监测推算；2025年1月末能繁母猪存栏（万头）,,,https://www.moa.gov.cn/ztzl/szcpxx/jdsj/2025/202501/
sows,能繁母猪存栏,供给,2025-02,4066.0,万头,月度,原表,非季末定点监测推算；2025年2月末能繁母猪存栏（万头）,,,https://www.moa.gov.cn/ztzl/szcpxx/jdsj/2025/202502/
sows,能繁母猪存栏,供给,2025-03,4039.0,万头,月度,原表,2025年1季度末能繁母猪存栏（万头）,,,https://www.moa.gov.cn/ztzl/szcpxx/jdsj/2025/202503/
sows,能繁母猪存栏,供给,2025-04,4038.0,万头,月度,原表,非季末定点监测推算；2025年4月末能繁母猪存栏（万头）,,,https://www.moa.gov.cn/ztzl/szcpxx/jdsj/2025/202504/
sows,能繁母猪存栏,供给,2025-05,4042.0,万头,月度,原表,非季末定点监测推算；2025年5月末能繁母猪存栏（万头）,,,https://www.moa.gov.cn/ztzl/szcpxx/jdsj/2025/202505/
sows,能繁母猪存栏,供给,2025-06,4043.0,万头,月度,原表,2025年2季度末能繁母猪存栏（万头）,,,https://www.moa.gov.cn/ztzl/szcpxx/jdsj/2025/202506/
sows,能繁母猪存栏,供给,2025-08,4038.0,万头,月度,官方表转载,非季末定点监测推算；2025年8月末能繁母猪存栏（万头）,0.0%,-0.1%,https://z.nxin.com/Home/InfoDetail/1480689
sows,能繁母猪存栏,供给,2025-09,4035.0,万头,月度,官方表转载,2025年3季度末能繁母猪存栏（万头）,-0.7%,-0.2%,https://m.boyar.cn/article/1241943.html
sows,能繁母猪存栏,供给,2025-10,3990.0,万头,月度,官方表转载,非季末定点监测推算；2025年10月末能繁母猪存栏（万头）,-2.1%,-1.1%,https://www.boyar.cn/article/1244270.html
sows,能繁母猪存栏,供给,2025-12,3961.0,万头,月度,官方表转载,2025年4季度末能繁母猪存栏（万头）,-2.9%,-1.8%,https://www.boyar.cn/article/1248731.html
sows,能繁母猪存栏,供给,2026-06,3780.0,万头,月度,原表,2026年上半年；存栏为二季度末值，出栏及产量为1—6月累计。,-6.5%,,https://www.stats.gov.cn/sj/sjjd/202607/t20260716_1964140.html
sows_annual,年末能繁母猪,供给,2021-12,4329.0,万头,年度,原表,年度值；历年原始发布版本可能存在后续修订。,,,https://www.stats.gov.cn/sj/sjjd/202302/t20230202_1896581.html
sows_annual,年末能繁母猪,供给,2022-12,4390.0,万头,年度,原表,年度值；历年原始发布版本可能存在后续修订。,,,https://www.stats.gov.cn/zt_18555/zthd/lhfw/2023/sjjd/202302/t20230219_1913352.html
sows_annual,年末能繁母猪,供给,2023-12,4142.0,万头,年度,原表,年度值；历年原始发布版本可能存在后续修订。,,,https://www.stats.gov.cn/xxgk/jd/sjjd2020/202401/t20240118_1946723.html
sows_annual,年末能繁母猪,供给,2024-12,4078.0,万头,年度,原表,年度值；历年原始发布版本可能存在后续修订。,,,https://www.stats.gov.cn/xxgk/jd/sjjd2020/202501/t20250117_1958344.html
sows_annual,年末能繁母猪,供给,2025-12,3961.0,万头,年度,原表,年度值；历年原始发布版本可能存在后续修订。,,,https://www.stats.gov.cn/sj/zxfbhjd/202601/t20260119_1962332.html
soy_annual,全年大豆产量,成本,2021-12,328.0,亿斤,年度,原表,年度值；历年原始发布版本可能存在后续修订。,,,https://www.stats.gov.cn/sj/sjjd/202302/t20230202_1896581.html
soy_annual,全年大豆产量,成本,2022-12,406.0,亿斤,年度,原表,年度值；历年原始发布版本可能存在后续修订。,,,https://www.stats.gov.cn/zt_18555/zthd/lhfw/2023/sjjd/202302/t20230219_1913352.html
soy_annual,全年大豆产量,成本,2023-12,416.8,亿斤,年度,原表,年度值；历年原始发布版本可能存在后续修订。,,,https://www.stats.gov.cn/xxgk/jd/sjjd2020/202401/t20240118_1946723.html
soy_annual,全年大豆产量,成本,2024-12,413.0,亿斤,年度,原表,年度值；历年原始发布版本可能存在后续修订。,,,https://www.stats.gov.cn/xxgk/jd/sjjd2020/202501/t20250117_1958344.html
soy_annual,全年大豆产量,成本,2025-12,418.1,亿斤,年度,原表,年度值；历年原始发布版本可能存在后续修订。,,,https://www.stats.gov.cn/sj/zxfbhjd/202601/t20260119_1962332.html
white,白条猪批发价 · 全国,价格,2021-08,21.41,元/公斤,月度,官方表转载,2021年8月份全国批发市场白条猪价格（元/公斤）,-55.8%,-3.9%,https://www.cpcti.com/hangqing/110033.html
white,白条猪批发价 · 全国,价格,2021-12,24.0,元/公斤,月度,原表,2021年12月份全国批发市场白条猪价格（元/公斤）,-44.5%,0.1%,https://www.moa.gov.cn/ztzl/szcpxx/jdsj/2021/202112/
white,白条猪批发价 · 全国,价格,2022-01,22.26,元/公斤,月度,原表,2022年1月份全国批发市场白条猪价格（元/公斤）,-52.3%,-7.2%,https://www.moa.gov.cn/ztzl/szcpxx/jdsj/2022/202201/
white,白条猪批发价 · 全国,价格,2022-02,20.36,元/公斤,月度,原表,2022年2月份全国批发市场白条猪价格（元/公斤）,-53.0%,-8.5%,https://www.moa.gov.cn/ztzl/szcpxx/jdsj/2022/202202/
white,白条猪批发价 · 全国,价格,2022-03,18.2,元/公斤,月度,原表,2022年3月份全国批发市场白条猪价格（元/公斤）,-51.3%,-10.6%,https://www.moa.gov.cn/ztzl/szcpxx/jdsj/2022/202203/
white,白条猪批发价 · 全国,价格,2022-04,18.52,元/公斤,月度,原表,2022年4月份全国批发市场白条猪价格（元/公斤）,-42.6%,1.7%,https://www.moa.gov.cn/ztzl/szcpxx/jdsj/2022/202204/
white,白条猪批发价 · 全国,价格,2022-05,20.68,元/公斤,月度,原表,2022年5月份全国批发市场白条猪价格（元/公斤）,-26.0%,11.7%,https://www.moa.gov.cn/ztzl/szcpxx/jdsj/2022/202205/
white,白条猪批发价 · 全国,价格,2022-06,21.57,元/公斤,月度,原表,2022年6月份全国批发市场白条猪价格（元/公斤）,-8.2%,4.3%,https://www.moa.gov.cn/ztzl/szcpxx/jdsj/2022/202206/
white,白条猪批发价 · 全国,价格,2022-07,29.1,元/公斤,月度,原表,2022年7月份全国批发市场白条猪价格（元/公斤）,30.6%,34.9%,https://www.moa.gov.cn/ztzl/szcpxx/jdsj/2022/202207/
white,白条猪批发价 · 全国,价格,2022-09,30.82,元/公斤,月度,原表,2022年9月份全国批发市场白条猪价格（元/公斤）,54.6%,5.9%,https://www.moa.gov.cn/ztzl/szcpxx/jdsj/2022/202209/
white,白条猪批发价 · 全国,价格,2022-10,34.16,元/公斤,月度,原表,2022年10月份全国批发市场白条猪价格（元/公斤）,75.1%,10.8%,https://www.moa.gov.cn/ztzl/szcpxx/jdsj/2022/202210/
white,白条猪批发价 · 全国,价格,2022-11,33.88,元/公斤,月度,原表,2022年11月份全国批发市场白条猪价格（元/公斤）,41.3%,-0.8%,https://www.moa.gov.cn/ztzl/szcpxx/jdsj/2022/202211/
white,白条猪批发价 · 全国,价格,2022-12,29.22,元/公斤,月度,原表,2022年12月份全国批发市场白条猪价格（元/公斤）,21.8%,-13.8%,https://www.moa.gov.cn/ztzl/szcpxx/jdsj/2022/202212/
white,白条猪批发价 · 全国,价格,2023-01,23.72,元/公斤,月度,原表,2023年1月份全国批发市场白条猪价格（元/公斤）,6.6%,-18.8%,https://www.moa.gov.cn/ztzl/szcpxx/jdsj/2023/202301/
white,白条猪批发价 · 全国,价格,2023-02,20.97,元/公斤,月度,原表,2023年2月份全国批发市场白条猪价格（元/公斤）,3.0%,-11.6%,https://www.moa.gov.cn/ztzl/szcpxx/jdsj/2023/202302/
white,白条猪批发价 · 全国,价格,2023-03,20.6,元/公斤,月度,原表,2023年3月份全国批发市场白条猪价格（元/公斤）,13.2%,-1.8%,https://www.moa.gov.cn/ztzl/szcpxx/jdsj/2023/202303/
white,白条猪批发价 · 全国,价格,2023-04,19.56,元/公斤,月度,官方表转载,2023年4月份全国批发市场白条猪价格（元/公斤）,5.6%,-5.0%,https://m.boyar.cn/article/1170068.html
white,白条猪批发价 · 全国,价格,2023-05,19.46,元/公斤,月度,官方表转载,2023年5月份全国批发市场白条猪价格（元/公斤）,-5.9%,-0.5%,https://m.boyar.cn/article/1172606.html
white,白条猪批发价 · 全国,价格,2023-06,19.12,元/公斤,月度,原表,2023年6月份全国批发市场白条猪价格（元/公斤）,-11.4%,-1.7%,https://www.moa.gov.cn/ztzl/szcpxx/jdsj/2023/202306/
white,白条猪批发价 · 全国,价格,2023-07,19.15,元/公斤,月度,官方表转载,2023年7月份全国批发市场白条猪价格（元/公斤）,-34.2%,0.2%,https://m.boyar.cn/article/1177887.html
white,白条猪批发价 · 全国,价格,2023-08,22.56,元/公斤,月度,原表,2023年8月份全国批发市场白条猪价格（元/公斤）,-22.5%,17.8%,https://www.moa.gov.cn/ztzl/szcpxx/jdsj/2023/202308/
white,白条猪批发价 · 全国,价格,2023-09,22.38,元/公斤,月度,原表,2023年9月份全国批发市场白条猪价格（元/公斤）,-27.4%,-0.8%,https://www.moa.gov.cn/ztzl/szcpxx/jdsj/2023/202309/
white,白条猪批发价 · 全国,价格,2023-12,20.21,元/公斤,月度,原表,2023年12月份全国批发市场白条猪价格（元/公斤）,-30.8%,-0.5%,https://www.moa.gov.cn/ztzl/szcpxx/jdsj/2023/202312/
white,白条猪批发价 · 全国,价格,2024-01,20.07,元/公斤,月度,原表,2024年1月份全国批发市场白条猪价格（元/公斤）,-15.4%,-0.7%,https://www.moa.gov.cn/ztzl/szcpxx/jdsj/2024/202401/
white,白条猪批发价 · 全国,价格,2024-03,20.18,元/公斤,月度,原表,2024年3月份全国批发市场白条猪价格（元/公斤）,-2.0%,-8.4%,https://www.moa.gov.cn/ztzl/szcpxx/jdsj/2024/202403/
white,白条猪批发价 · 全国,价格,2024-04,20.52,元/公斤,月度,原表,2024年4月份全国批发市场白条猪价格（元/公斤）,4.9%,1.7%,https://www.moa.gov.cn/ztzl/szcpxx/jdsj/2024/202404/
white,白条猪批发价 · 全国,价格,2024-06,24.25,元/公斤,月度,原表,2024年6月份全国批发市场白条猪价格（元/公斤）,26.8%,16.3%,https://www.moa.gov.cn/ztzl/szcpxx/jdsj/2024/202406/
white,白条猪批发价 · 全国,价格,2024-07,24.79,元/公斤,月度,原表,2024年7月份全国批发市场白条猪价格（元/公斤）,29.5%,2.2%,https://www.moa.gov.cn/ztzl/szcpxx/jdsj/2024/202407/
white,白条猪批发价 · 全国,价格,2024-08,27.11,元/公斤,月度,官方表转载,2024年8月份全国批发市场白条猪价格（元/公斤）,20.2%,9.4%,https://www.boyar.cn/article/1210747.html
white,白条猪批发价 · 全国,价格,2024-09,26.8,元/公斤,月度,原表,2024年9月份全国批发市场白条猪价格（元/公斤）,19.7%,-1.1%,https://www.moa.gov.cn/ztzl/szcpxx/jdsj/2024/202409/
white,白条猪批发价 · 全国,价格,2024-10,24.92,元/公斤,月度,原表,2024年10月份全国批发市场白条猪价格（元/公斤）,15.9%,-7.0%,https://www.moa.gov.cn/ztzl/szcpxx/jdsj/2024/202410/
white,白条猪批发价 · 全国,价格,2024-11,23.94,元/公斤,月度,官方表转载,2024年11月份全国批发市场白条猪价格（元/公斤）,17.8%,-3.9%,https://www.boyar.cn/article/1217874.html
white,白条猪批发价 · 全国,价格,2024-12,22.95,元/公斤,月度,原表,2024年12月份全国批发市场白条猪价格（元/公斤）,13.6%,-4.1%,https://www.moa.gov.cn/ztzl/szcpxx/jdsj/2024/202412/
white,白条猪批发价 · 全国,价格,2025-01,22.8,元/公斤,月度,原表,2025年1月份全国批发市场白条猪价格（元/公斤）,13.6%,-0.7%,https://www.moa.gov.cn/ztzl/szcpxx/jdsj/2025/202501/
white,白条猪批发价 · 全国,价格,2025-02,22.1,元/公斤,月度,原表,2025年2月份全国批发市场白条猪价格（元/公斤）,0.3%,-3.1%,https://www.moa.gov.cn/ztzl/szcpxx/jdsj/2025/202502/
white,白条猪批发价 · 全国,价格,2025-03,20.84,元/公斤,月度,原表,2025年3月份全国批发市场白条猪价格（元/公斤）,3.3%,-5.7%,https://www.moa.gov.cn/ztzl/szcpxx/jdsj/2025/202503/
white,白条猪批发价 · 全国,价格,2025-04,20.77,元/公斤,月度,原表,2025年4月份全国批发市场白条猪价格（元/公斤）,1.2%,-0.3%,https://www.moa.gov.cn/ztzl/szcpxx/jdsj/2025/202504/
white,白条猪批发价 · 全国,价格,2025-05,20.75,元/公斤,月度,原表,2025年5月份全国批发市场白条猪价格（元/公斤）,-0.5%,-0.1%,https://www.moa.gov.cn/ztzl/szcpxx/jdsj/2025/202505/
white,白条猪批发价 · 全国,价格,2025-06,20.3,元/公斤,月度,原表,2025年6月份全国批发市场白条猪价格（元/公斤）,-16.3%,-2.2%,https://www.moa.gov.cn/ztzl/szcpxx/jdsj/2025/202506/
white,白条猪批发价 · 全国,价格,2025-08,20.08,元/公斤,月度,官方表转载,2025年8月份全国批发市场白条猪价格（元/公斤）,-25.9%,-2.3%,https://z.nxin.com/Home/InfoDetail/1480689
white,白条猪批发价 · 全国,价格,2025-09,19.57,元/公斤,月度,官方表转载,2025年9月份全国批发市场白条猪价格（元/公斤）,-27.0%,-2.5%,https://m.boyar.cn/article/1241943.html
white,白条猪批发价 · 全国,价格,2025-10,18.41,元/公斤,月度,官方表转载,2025年10月份全国批发市场白条猪价格（元/公斤）,-26.1%,-5.9%,https://www.boyar.cn/article/1244270.html
white,白条猪批发价 · 全国,价格,2025-12,17.56,元/公斤,月度,官方表转载,2025年12月份全国批发市场白条猪价格（元/公斤）,-23.5%,-2.3%,https://www.boyar.cn/article/1248731.html
white,白条猪批发价 · 全国,价格,2026-08,15.97,元/公斤,月度,原表,2026年8月份全国批发市场白条猪价格（元/公斤）,-20.5%,2.1%,https://www.moa.gov.cn/ztzl/szcpxx/jdsj/2026/202608/
